{"type": "FeatureCollection", "features": [{"type": "Feature", "geometry": {"type": "MultiPolygon", "coordinates": [[[[79.84706246440238, 6.955145270061847], [79.84728093036911, 6.954632463804204], [79.84744144609876, 6.954788592711065], [79.84745042061175, 6.954989226680035], [79.847374607316, 6.9551229735243965], [79.84735229921996, 6.955256740774462], [79.84744144609876, 6.955399454140493], [79.84765555208902, 6.955666982537128], [79.84799888983267, 6.956117370972829], [79.84854735564636, 6.956906634617896], [79.84886838220886, 6.957365928739917], [79.8494168426207, 6.958231026252617], [79.84976914779185, 6.958792848352493], [79.85003666630573, 6.959296755167264], [79.8503711060423, 6.959764925826184], [79.85082143958134, 6.960250953773918], [79.85108904037398, 6.960402614969511], [79.85125843783739, 6.960433825805192], [79.85136997332575, 6.9603981562110855], [79.85153048162026, 6.96024205276203], [79.85164637560668, 6.960242042371229], [79.8517444922255, 6.9603624100824115], [79.85155278866044, 6.960603199626914], [79.85135655488749, 6.960719169795885], [79.85105331473221, 6.960687986504008], [79.85062973401136, 6.960460541329223], [79.85020615125775, 6.959992304414905], [79.84988504409101, 6.959533067810636], [79.84949709858029, 6.958828536523738], [79.84887727110666, 6.957941120971631], [79.8483511151919, 6.957129611136108], [79.84783837511647, 6.956358167753707], [79.84736571826691, 6.955765087159728], [79.84708477257165, 6.955381592625289], [79.84706246440238, 6.955145270061847]]], [[[80.17906034649221, 6.978096298520101], [80.1788017583283, 6.978350420971614], [80.17842720003132, 6.978497569613888], [80.1780035955231, 6.978582353981057], [80.17754431220195, 6.978613549925182], [80.1771697483925, 6.978644734029808], [80.1767104605893, 6.978662576578442], [80.17623328911132, 6.978671548228044], [80.17584977891148, 6.978676001494711], [80.17546635213996, 6.978680456168227], [80.1750337922248, 6.978689387105203], [80.17462353947928, 6.978742886492999], [80.17421779774742, 6.978818652535671], [80.17380311323168, 6.978903375628839], [80.1733081288545, 6.979041610276552], [80.1729335464787, 6.979139713233389], [80.17241633228946, 6.979295770990413], [80.17192133988225, 6.979442905322555], [80.17150221625356, 6.9795633012459675], [80.17107414942697, 6.9796837526232665], [80.17068618806456, 6.979772915093368], [80.17030265297683, 6.979826401547052], [80.16991477326876, 6.979853173038267], [80.16950900918839, 6.979781815149561], [80.16916114904728, 6.97961237498683], [80.168808859379, 6.97923778529978], [80.16861717299625, 6.978885571411117], [80.16851013159066, 6.978403955317109], [80.16847896437817, 6.977980330284419], [80.1684967620501, 6.977610248453286], [80.16857706441844, 6.977173259414151], [80.16859486206994, 6.9767585955621705], [80.16860823159519, 6.976299255637546], [80.16860380347241, 6.975884537553177], [80.16860823159519, 6.975456493896534], [80.16869296197726, 6.974961512826254], [80.16872421426784, 6.974524568185798], [80.16872421426784, 6.974087540099251], [80.16871527287796, 6.973637219934438], [80.16868402058412, 6.973191291876418], [80.168630542518, 6.972812223466615], [80.16852350112914, 6.972410920417934], [80.16827382252404, 6.9720453182587105], [80.16797057955444, 6.971728685057125], [80.16765396583727, 6.971492363229494], [80.16723482129215, 6.971282787152348], [80.16682461628152, 6.971184652191734], [80.16646788875539, 6.971122264115101], [80.16606210832137, 6.971073172935585], [80.16564738425186, 6.971055369304925], [80.16522380157645, 6.971064323811194], [80.16475107947177, 6.97105979127629], [80.16434537605464, 6.971086595162521], [80.1643230640141, 6.9710866146152615], [80.16395738416925, 6.971140064713532], [80.16345799957432, 6.971242666571907], [80.16304777645357, 6.9713407383537], [80.16292735766773, 6.971371962806639], [80.16261072528502, 6.971447796767053], [80.16218712757563, 6.971617194785326], [80.16179469742853, 6.971786677299938], [80.16139783698611, 6.971973948475799], [80.16100097470333, 6.972156769263029], [80.16065767882789, 6.972299444160682], [80.16026975538645, 6.972442157127658], [80.15985951698245, 6.97256255712467], [80.15947601851897, 6.972674048893859], [80.15904346289368, 6.972785485826513], [80.15888292535116, 6.97281222946548], [80.1586154188887, 6.972861334300623], [80.15812043178776, 6.972928177091454], [80.1575942706474, 6.973003996043636], [80.15712159156614, 6.973044117427795], [80.15663996722353, 6.973088744106737], [80.15623422535651, 6.97312888847902], [80.15580173852071, 6.973160058319693], [80.15539590751234, 6.973164517794521], [80.15496784527109, 6.973195698356658], [80.1545040945667, 6.973213590750243], [80.15412951502937, 6.973231405738249], [80.15374607607075, 6.973249277820123], [80.15330463366891, 6.973293850819698], [80.15287656097473, 6.973369611209682], [80.15244848614115, 6.973454352257396], [80.15207832659173, 6.973588123221486], [80.15168593528139, 6.973766496671243], [80.15134260205707, 6.973922593679809], [80.15132028662747, 6.973935962730071], [80.15091894859573, 6.974078628141694], [80.15045074690714, 6.974109853603099], [80.15004948997657, 6.974060839275558], [80.14967489095915, 6.973971603084098], [80.14930923372202, 6.973909173893747], [80.14886333931213, 6.9738467645392666], [80.14832374860909, 6.973797686216327], [80.14779761246086, 6.973762077522065], [80.14735613940731, 6.973735279651107], [80.14685674316547, 6.973730814024597], [80.1464465256891, 6.973739784853135], [80.14595155344175, 6.973757580343989], [80.14544763451582, 6.973797681087679], [80.14498834680194, 6.973851256731672], [80.14459149365933, 6.973895782489645], [80.14410545466106, 6.973949363345695], [80.14363278633257, 6.974002819009681], [80.14311999489419, 6.974056323890091], [80.14263846220136, 6.974109835429086], [80.14227277494435, 6.9741633452254765], [80.14179123749335, 6.974225755729087], [80.14130961215474, 6.974314945098255], [80.14126506124832, 6.974323883012116], [80.14084587271424, 6.974381853606326], [80.14045794473866, 6.974408599916821], [80.14007001500826, 6.974453226976875], [80.13966419467711, 6.97451560273271], [80.139182642578, 6.974524527969442], [80.13873226582587, 6.974542358679378], [80.13830420553296, 6.974546820884083], [80.13780032684893, 6.974555762228997], [80.13737669164301, 6.974564685379567], [80.13688618198834, 6.9745735821651085], [80.13644473793883, 6.974591435807961], [80.1359765423853, 6.97459586370113], [80.13561091191207, 6.974640468223183], [80.13513819676574, 6.97468064334711], [80.13470568866376, 6.974743020784709], [80.13424642860977, 6.974823284300635], [80.13383615080853, 6.974885722187938], [80.13339026112331, 6.974894660095671], [80.13316280026542, 6.974894665093815], [80.13298892434914, 6.974899110688677], [80.13252070993914, 6.974872384153684], [80.13207038340794, 6.974845627721906], [80.1316690404616, 6.974850077041118], [80.13120081885124, 6.974823268245851], [80.13081293245692, 6.974818856294655], [80.1303401908817, 6.974792113750025], [80.1299121739174, 6.974743007095717], [80.12950196059242, 6.97470293075561], [80.1291273570131, 6.9746271114125795], [80.12885984288123, 6.974600383775248], [80.12867701267974, 6.974578021230515], [80.1281953989201, 6.974515653266283], [80.12777623172973, 6.974466569179815], [80.12739719036836, 6.974439847936138], [80.1269825347532, 6.974386327174143], [80.12655441585225, 6.974350646986431], [80.12616650846572, 6.974332800567533], [80.12578745999897, 6.974279297894818], [80.1255199354618, 6.974257018555773], [80.12531486115202, 6.974243654553605], [80.12479309946231, 6.974203500348536], [80.12432040994359, 6.974118744027515], [80.12394586896082, 6.973998344603277], [80.1236560160602, 6.9737264055113855], [80.12360250989164, 6.973646076052213], [80.12340629192144, 6.9733518317409064], [80.12325914944998, 6.972941549276755], [80.12315213658515, 6.972482274566673], [80.12307639252622, 6.972045260574947], [80.12300950935904, 6.971586025406975], [80.12293367997275, 6.971140116694038], [80.1229024109816, 6.97070307424361], [80.12284890434366, 6.970288382592266], [80.12277316001736, 6.969936168231276], [80.12268838422986, 6.96957939787157], [80.1225190028079, 6.969178059235241], [80.12236734310247, 6.968745544230405], [80.12230045938325, 6.968562765508013], [80.12222462937109, 6.968357633458271], [80.12209980791319, 6.967920590638193], [80.12202397772393, 6.967568388348028], [80.12197047053887, 6.967189312814866], [80.12193928639972, 6.96675230007607], [80.12186345606878, 6.966395574273553], [80.12176538775502, 6.965971968876828], [80.12161381192215, 6.965606379249694], [80.12131500481749, 6.965312048022285], [80.12094939710614, 6.9651202675521136], [80.12057484142646, 6.965035566021507], [80.1201690141281, 6.964937508497609], [80.11978107790647, 6.964875014930773], [80.11938419339691, 6.96482600467996], [80.118974014994, 6.964763610717868], [80.11855480280447, 6.96473678212708], [80.11834076522321, 6.964683272958543], [80.1181490511728, 6.9646387256602855], [80.11776553658233, 6.964393505561529], [80.1174177220481, 6.964188348918808], [80.11705652854208, 6.963987685152728], [80.11672217396502, 6.963822691998864], [80.11629408914214, 6.963608654955451], [80.11591951317337, 6.963408036178838], [80.11557169116948, 6.963287575944929], [80.11515697847946, 6.963158271271356], [80.11480029158636, 6.963082519828658], [80.11434987214848, 6.963064661738471], [80.11393072261782, 6.963051260882685], [80.11348924577567, 6.963046855585148], [80.11308347023427, 6.963051287680705], [80.11268664001268, 6.963060194207908], [80.1123120483273, 6.96305573460705], [80.1119330239603, 6.963060160523864], [80.11155851420513, 6.9630334572750705], [80.1112508099754, 6.963011148113061], [80.11116610803627, 6.963002252973138], [80.11080045715872, 6.962930922159836], [80.11039910005955, 6.962841693618566], [80.11002458362499, 6.962690096278823], [80.10969463286891, 6.962484995987018], [80.10952070945322, 6.962155042336846], [80.10950281432434, 6.961789375706786], [80.1096098441825, 6.961396969462985], [80.10989974445108, 6.9610803905384575], [80.11017617989357, 6.960835115000984], [80.1104124786597, 6.960540789665885], [80.11047494050419, 6.960161771695987], [80.11026088280757, 6.959787229758834], [80.11000668860095, 6.959479549562476], [80.10967230660984, 6.959118342489339], [80.10939586954802, 6.958810684950518], [80.10909258877794, 6.958480708527619], [80.10881614985315, 6.958177503132834], [80.1085976568069, 6.9578475289483395], [80.1083657842893, 6.957526415897548], [80.10818299570097, 6.957183120714909], [80.1079555533208, 6.956830803232933], [80.10773262682254, 6.956491928015525], [80.10754532039617, 6.9560906339501365], [80.10733568669654, 6.955702705080447], [80.10709937947884, 6.955363798788799], [80.10688982991017, 6.955042763602659], [80.10664457360576, 6.954748399592427], [80.10650635032145, 6.954628066412009], [80.1063146098862, 6.954454121667635], [80.10601140347254, 6.954204403759094], [80.10572157532012, 6.9539814952517505], [80.10533809052498, 6.953758484538879], [80.10500360516943, 6.953611393808375], [80.10457554723706, 6.953517742288972], [80.1041474871756, 6.9534553089758555], [80.10374618426063, 6.953415192157793], [80.1033805018481, 6.9534106795664785], [80.10295243584301, 6.953406233593519], [80.10246190009286, 6.95340177138081], [80.10202939795954, 6.953383967882652], [80.10181531925231, 6.953383927019087], [80.10155675373449, 6.953379475511874], [80.10114205870164, 6.953330422250773], [80.10069165297614, 6.953223440882153], [80.10052665986335, 6.953156574446362], [80.10023681324206, 6.95304503460184], [80.09987563281716, 6.95289342159145], [80.09952339948056, 6.952679399667305], [80.09928255388719, 6.952336051545946], [80.09913545536256, 6.951961513367903], [80.09899278830315, 6.951546795757866], [80.09884560405806, 6.951100931331361], [80.09874750949675, 6.950726296366033], [80.09871631693689, 6.950356220466425], [80.0987029365184, 6.949932579258851], [80.09868503914011, 6.94955356749188], [80.09866279525048, 6.949174547725247], [80.09865384655762, 6.94874647854547], [80.09864046612944, 6.948380831003083], [80.09857808092089, 6.947952779221829], [80.09850222999168, 6.947578225328025], [80.09838189107701, 6.947154625220476], [80.09824365452417, 6.946788958041174], [80.09809203723601, 6.946374250299396], [80.09796718075276, 6.9460219686581475], [80.09777985307521, 6.945585007849729], [80.09754351962317, 6.94521042142719], [80.09731170255257, 6.944858169824929], [80.09709318030148, 6.9445147705825025], [80.09684789608461, 6.944162564649919], [80.09661156007517, 6.9438593087507625], [80.09644212729712, 6.9436541678895916], [80.096352978931, 6.943538283876475], [80.09609431178234, 6.94317707068079], [80.09598735034557, 6.943029925270769], [80.09586249081113, 6.942856044414905], [80.09564396488318, 6.94251710481781], [80.09539867653923, 6.942164830638625], [80.0951222788644, 6.94179921194584], [80.09488593812021, 6.94150494436445], [80.09464959672759, 6.941219491999719], [80.09435973032616, 6.9408806042462015], [80.09411452355558, 6.94055955350099], [80.09390937435866, 6.940185007308671], [80.09380232497844, 6.939797074715587], [80.09375774944093, 6.939404631496179], [80.09374888546895, 6.939025633126286], [80.09379789299487, 6.938646636162812], [80.09383360454835, 6.938254183451446], [80.09389599319341, 6.93783949061043], [80.09397176294884, 6.937424837903121], [80.0940698629494, 6.93698785444026], [80.09407881211851, 6.936974458378047], [80.09422148731782, 6.936582071690163], [80.0943998735996, 6.936198600772837], [80.09461388551235, 6.93583738419767], [80.09485022700294, 6.935489572850186], [80.09506432302608, 6.935106126737041], [80.09521586041512, 6.9347449008176225], [80.09526938424361, 6.934356965939284], [80.09526052042717, 6.93395115343986], [80.09521586041512, 6.9335498497037875], [80.09519804754126, 6.933184198868202], [80.0951222788644, 6.9327828959424105], [80.09499290092462, 6.932390499225829], [80.09481008393936, 6.932060533450992], [80.09464959672759, 6.931694897999748], [80.09452916720028, 6.931342634126205], [80.09443558490356, 6.930976947555552], [80.09439092446382, 6.930745116516518], [80.09435086641612, 6.930562294339683], [80.09434634923086, 6.930138649922684], [80.09443106772274, 6.92974622135033], [80.0945514973872, 6.929327135592338], [80.09462726656609, 6.928912373138975], [80.09469417180365, 6.928475438427469], [80.09477445802013, 6.928118658999406], [80.09490375105861, 6.927735177075475], [80.09501523099136, 6.927351728915649], [80.09509994882544, 6.926994966887139], [80.09517580275103, 6.9265803008267826], [80.09517580275103, 6.926187899620566], [80.09511776171958, 6.925786607808186], [80.09501523099136, 6.925434266709737], [80.09491713206732, 6.925019612559137], [80.09483241405347, 6.924618255908671], [80.09473431492124, 6.9242526760214105], [80.09461388551235, 6.923851305715924], [80.09445339793508, 6.923449990247921], [80.09428396091195, 6.923075409083675], [80.09414128581611, 6.922718688453746], [80.09398514410232, 6.922366457931282], [80.0939628989989, 6.922308438269], [80.09378007982781, 6.921898260062584], [80.09362845468252, 6.921545967248755], [80.09349915973007, 6.921180320503028], [80.09338316059969, 6.920752227070189], [80.09332972083021, 6.920364324165086], [80.09329844107735, 6.919949646076794], [80.09326724654412, 6.919526000159411], [80.09325386527912, 6.91914694386862], [80.09324500125533, 6.918776875565435], [80.09324048401207, 6.918397847169629], [80.09324500125533, 6.9179831211918525], [80.09325386527912, 6.917604134394399], [80.09326724654412, 6.917211745690114], [80.09332077158328, 6.916774691118603], [80.09336986458358, 6.916409079533025], [80.09342330432817, 6.916003308576601], [80.09347682927039, 6.915544034399726], [80.09349915973007, 6.915173910300481], [80.09355711662134, 6.9147369614199405], [80.09360612425634, 6.914308881007903], [80.09359726026877, 6.914139367069981], [80.09359726026877, 6.913885253263493], [80.09359726026877, 6.913492849839746], [80.09349021050073, 6.913069199131445], [80.0933073903266, 6.912703537053285], [80.09304879926404, 6.912364665037021], [80.09268315665457, 6.912172921137775], [80.09229961378838, 6.912146166756641], [80.09191172236669, 6.912302222439809], [80.09156832065945, 6.912444981585517], [80.09120267176765, 6.912601016058227], [80.09077463046442, 6.9127570411685015], [80.09037778262571, 6.912922041803971], [80.09003437480591, 6.9130692451586], [80.0896688046403, 6.913211944487781], [80.08932539399557, 6.91336795710626], [80.0889419214204, 6.913466071807301], [80.08857182913326, 6.913483884665241], [80.08824188139928, 6.913198560006626], [80.08794312887409, 6.912801706777527], [80.08766218974888, 6.91244943783205], [80.08741696392063, 6.9120971085716025], [80.08714488773283, 6.9117582029787314], [80.08689966043308, 6.911472878179604], [80.08663210020255, 6.911223134351786], [80.08629771267512, 6.910986786513505], [80.08593204142437, 6.910754959022955], [80.08559313353776, 6.910607823834473], [80.08520521193493, 6.910523108447708], [80.08485291862222, 6.910411577729788], [80.0844649936893, 6.910304556376404], [80.0840814994947, 6.910255493461255], [80.08371138634318, 6.910295690593194], [80.08333683908174, 6.910371435622209], [80.08297124051606, 6.91045617634869], [80.08254315834189, 6.9105676557787525], [80.08214627261205, 6.910665723894873], [80.08177171855371, 6.910741548063156], [80.08135258091644, 6.910803994594881], [80.08092449070871, 6.910844109427005], [80.0804651992107, 6.910897634394043], [80.0800014725745, 6.910986787845405], [80.0796269092033, 6.911040303821453], [80.07935932640908, 6.911089346614997], [80.07922557732319, 6.911116131737394], [80.07881981082261, 6.911191947387982], [80.07845410786676, 6.911240959864243], [80.07839170804675, 6.911254364952005], [80.07806615415565, 6.91131682362577], [80.07765151657561, 6.911370308430223], [80.07727251016969, 6.9113078359054505], [80.07703612049109, 6.911000232843774], [80.07679086444949, 6.91068363714578], [80.07653674196939, 6.910362574708118], [80.07630930128887, 6.9100815909046815], [80.07602840951627, 6.909760538347788], [80.07577419954276, 6.909488534523112], [80.07554675685269, 6.909207636000621], [80.075239094479, 6.90897128878229], [80.07486902864146, 6.908779541276197], [80.07439632071997, 6.908672524878743], [80.07393707972453, 6.90868143478525], [80.07353128835805, 6.908676995479635], [80.07305865836186, 6.9087527811074905], [80.07268406485652, 6.908873204157383], [80.07232728732804, 6.909029234260603], [80.07196164211376, 6.9092076260147435], [80.07164058234385, 6.909385979866235], [80.07131065510183, 6.909573280363162], [80.07096734187613, 6.909764988242757], [80.07057040290654, 6.91000131619304], [80.07025828960458, 6.9102020003628954], [80.06996842647277, 6.910424970051197], [80.06965631099507, 6.910670183851851], [80.06932637617157, 6.910964484678748], [80.06902312488748, 6.911232028275794], [80.068693187645, 6.911504105610443], [80.06836768243264, 6.911771588709774], [80.06806886108828, 6.911994534518675], [80.06772553497501, 6.912244269788771], [80.06758733453277, 6.9123289844293385], [80.067373255558, 6.912467229030607], [80.06700758936762, 6.912667925846284], [80.0666642590361, 6.91281057790334], [80.06628972305072, 6.912966639050654], [80.0659017999335, 6.913087021532464], [80.06548258523512, 6.913176199576008], [80.06544694720273, 6.913176261902257], [80.06510804412672, 6.9131940609184985], [80.06509465849365, 6.913194104036676], [80.06471116348861, 6.913153912075391], [80.06433218553863, 6.913033562582801], [80.0640200496953, 6.912739238969569], [80.06380596188072, 6.912431533134848], [80.06360534466185, 6.912092673434366], [80.06346705236813, 6.911713661695095], [80.06341359406703, 6.911321234526835], [80.06334666456848, 6.9109690161134445], [80.06325748199687, 6.9105765734584255], [80.06312370796688, 6.910166310227923], [80.0629899337298, 6.909729381513894], [80.06283390615532, 6.909399390371873], [80.06264658743285, 6.909082807774138], [80.06250837886617, 6.90889550290973], [80.06243258147697, 6.90878401289303], [80.06236121762007, 6.908717143098444], [80.06210261906428, 6.908480773334834], [80.06176813650073, 6.90823109938881], [80.0613935792922, 6.90800814458295], [80.06105917924741, 6.907843163738694], [80.06068461896653, 6.907696010235356], [80.06027441689695, 6.907589001092906], [80.06022530506576, 6.9075800541521915], [80.05979728063348, 6.907553320173592], [80.05941819587052, 6.907544418316851], [80.059052581281, 6.907539919320517], [80.0586690594645, 6.9075444192014315], [80.05828118740432, 6.90756224206949], [80.05787088866411, 6.907629131363436], [80.05744728642568, 6.9076692363008965], [80.05703706899499, 6.907687075132579], [80.05665805739633, 6.90769603124926], [80.0562299300356, 6.907700484143043], [80.05579301795255, 6.907696025355436], [80.05540504772245, 6.907691540188164], [80.05501707575183, 6.907798570981147], [80.0547406340023, 6.908039332094239], [80.05472724676375, 6.908048264067413], [80.05459797879949, 6.908404998031729], [80.05458007227205, 6.908864270092373], [80.05466482980249, 6.909256682791878], [80.05480305090886, 6.909600033842021], [80.05495465899973, 6.909987952076956], [80.05507505848662, 6.910331338286576], [80.05508401169956, 6.910719263777434], [80.05496361222514, 6.911102785265077], [80.05478522969287, 6.911450586833415], [80.05451322120355, 6.911856311722297], [80.05422782454289, 6.912195247704967], [80.05390235011782, 6.912520737995763], [80.05357235514855, 6.912806130999767], [80.05324679298649, 6.913038036934349], [80.05293913646994, 6.91323863866854], [80.05257349448625, 6.913452733714532], [80.05216325393768, 6.913644477875273], [80.05179760867452, 6.913764826382351], [80.05135172060346, 6.91378263455947], [80.05094147426117, 6.9137648223498624], [80.05048219388225, 6.9137157569654715], [80.05011210728779, 6.913675672799182], [80.04980443962364, 6.913617662954776], [80.04966621053033, 6.913631089818627], [80.04923361429145, 6.9137247367182635], [80.04885908806595, 6.913822833244546], [80.04843100738044, 6.91393871728912], [80.04799849024243, 6.914076974508675], [80.04760605070068, 6.914228598118628], [80.04719587187657, 6.914353422732442], [80.04679004022879, 6.914500562405912], [80.04634864605151, 6.914683403737047], [80.0459606334687, 6.914866233015488], [80.04556826996524, 6.9150846915315975], [80.04528736355218, 6.9152452800703355], [80.04514460748474, 6.915329970919538], [80.04483700744017, 6.915539539906394], [80.0444802002527, 6.915758017044823], [80.04406105226383, 6.916038950681912], [80.04374892853687, 6.916230726171799], [80.04339663671625, 6.916516134221761], [80.04304442874279, 6.91679701869377], [80.04269213405576, 6.917086872560924], [80.04240226378668, 6.917332132485207], [80.04209908863655, 6.917613077703558], [80.04176913394065, 6.917889501170794], [80.04141239939291, 6.918237291834929], [80.04116712754845, 6.918504826324593], [80.04091742031173, 6.918736707651059], [80.0408103905209, 6.918839283373243], [80.04049825507677, 6.919115760047662], [80.04009247731763, 6.919369903891592], [80.03970452198253, 6.919557179532819], [80.03932995453212, 6.919731077527772], [80.03889295712611, 6.919882731402467], [80.03854516565569, 6.9199986771612], [80.03807694982301, 6.9201369047524794], [80.0376756808707, 6.920252857821219], [80.03730110464753, 6.920368805578289], [80.036913136811, 6.9204847140854335], [80.03652968744662, 6.920600636354478], [80.0361194561543, 6.920738867846188], [80.0356690523676, 6.920908340737747], [80.03517856074846, 6.921091114423944], [80.03483518937654, 6.92124271158103], [80.03445616584521, 6.921438980904861], [80.0340593151733, 6.921652979448371], [80.0337159393666, 6.921849189742006], [80.03331021513121, 6.9220899961930895], [80.0329534457509, 6.922317364759007], [80.03263684687832, 6.92251357232768], [80.0323202468493, 6.922767729865913], [80.03199034020079, 6.923030821750216], [80.03164695619738, 6.9232939538489235], [80.0312947004536, 6.9235124467111735], [80.03086218302933, 6.923730948677559], [80.03050096834244, 6.923869156622276], [80.02999262115695, 6.924051955201729], [80.02983209882582, 6.924109923602924], [80.02964922924052, 6.924181323533724], [80.02913644176044, 6.924319493688795], [80.02878417581611, 6.924422083499932], [80.02828033920463, 6.924573696064316], [80.0279012870123, 6.924667315739216], [80.02753562460767, 6.924747638345635], [80.02714326295319, 6.924810021474946], [80.02660367748304, 6.924903655912933], [80.02623809490423, 6.924925947115202], [80.02614443864331, 6.924930441773557], [80.02581894396643, 6.924930460659201], [80.02535065938753, 6.924921492649407], [80.02478888515272, 6.924903686106449], [80.02433850779695, 6.92488135403234], [80.02387030052523, 6.924805545093233], [80.0233975698326, 6.924752028792309], [80.02291152970794, 6.9246985552471925], [80.02236756756803, 6.924680717113856], [80.02198857483756, 6.9246940743493495], [80.02155157531298, 6.924743145875718], [80.0211100525744, 6.924850152564021], [80.02077566755254, 6.925059716600668], [80.02049920182034, 6.925371853214616], [80.02030744105434, 6.925706304126375], [80.02017368596313, 6.926121024432286], [80.02002653806407, 6.926593658885921], [80.01991948247928, 6.926981627663406], [80.01980807628826, 6.927476601264343], [80.0197232846504, 6.927869004421902], [80.01964753510907, 6.928256912336243], [80.01954047905677, 6.928751905731795], [80.01946464405215, 6.929166570824157], [80.01938445848587, 6.929567890813257], [80.01927296630413, 6.929995954273357], [80.01925061666822, 6.930102985924851], [80.01916590978976, 6.930432924208599], [80.01900536742274, 6.930878873037699], [80.01887604615025, 6.931235599122891], [80.01869323877212, 6.931708242485483], [80.01856391703456, 6.932122928667507], [80.01844798795169, 6.932479700541804], [80.01831866584874, 6.93290772841066], [80.01813585729667, 6.933300195883334], [80.01792182663611, 6.933679154236731], [80.01768553071437, 6.934027008621074], [80.01742688404391, 6.934383688749009], [80.01710579258, 6.934825141638398], [80.01679817833674, 6.935208679657754], [80.01657962312886, 6.93550744274423], [80.01626748575576, 6.9359265364909914], [80.01597769774479, 6.936269955968171], [80.0156922594472, 6.93660877983393], [80.01540246951625, 6.936920917589275], [80.01512155065285, 6.937255392835578], [80.01481828010351, 6.937652208118116], [80.01468451655413, 6.937848406839151], [80.01456414624519, 6.9380312270989775], [80.01439472325977, 6.938356742682092], [80.01422077857178, 6.938758071764859], [80.01410040762002, 6.939150510105937], [80.01402456786309, 6.939529501452913], [80.01403796139078, 6.939899627607413], [80.01408257803183, 6.940287553576942], [80.01416728987039, 6.94067996666314], [80.01428766072944, 6.941103612843272], [80.01436793631237, 6.941469259549318], [80.01444821182108, 6.941821488554725], [80.01453292330292, 6.942191598834069], [80.01463990022236, 6.942588455970676], [80.01470234601872, 6.943038864020502], [80.01473356890006, 6.9434713956950125], [80.01479157859514, 6.9438994030459975], [80.01480045066272, 6.944358713452458], [80.01480045066272, 6.944760034359983], [80.01479157859514, 6.945125678425526], [80.01477818518367, 6.945495837285732], [80.01473800493693, 6.945906017742801], [80.01453292330292, 6.946302932566763], [80.01442142489019, 6.946392096235876], [80.01418955550608, 6.946570478694753], [80.01406022705964, 6.946619488012814], [80.01377930385378, 6.94673546936034], [80.01341366724802, 6.946806809785811], [80.01302124173999, 6.9467666590522], [80.0126868255598, 6.946673000103781], [80.0126645595388, 6.94666856778121], [80.01219185312557, 6.9465436881964155], [80.01169696318188, 6.946392064065865], [80.01133575401997, 6.946289511522579], [80.01091661642337, 6.946169160463936], [80.01055984026671, 6.946057646919507], [80.01001588604177, 6.9459060369575845], [80.00965023359291, 6.945781157960519], [80.0092756216602, 6.945683092411953], [80.00890996609562, 6.945562660185103], [80.00851316920031, 6.945437850647645], [80.00816534123332, 6.945326365409106], [80.0077818501145, 6.945219300206447], [80.00759006126266, 6.9451614010596465], [80.00742514639987, 6.945107870024648], [80.00705052487342, 6.944982964103749], [80.00663588836991, 6.944849208416654], [80.0062657852272, 6.944728844878429], [80.00576190321884, 6.944528203108838], [80.00531594899425, 6.9443632266960185], [80.00482101988388, 6.944149112788506], [80.00446874057745, 6.943979732044945], [80.00396928473734, 6.943743372745832], [80.00363039711114, 6.943578399401636], [80.0032826349208, 6.943408954154982], [80.00299724022916, 6.943270740221915], [80.00291251749911, 6.943226101789982], [80.00258702104612, 6.943061170637508], [80.00213661385261, 6.942833694167287], [80.00164166664005, 6.942610773595522], [80.00128050100207, 6.942454709685659], [80.00083904585539, 6.942423463114188], [80.00041985763167, 6.942441353260448], [80.00003641766185, 6.942526046008208], [79.99963505812524, 6.942646414135644], [79.99917576197795, 6.942833704693668], [79.99899291314318, 6.942896125053494], [79.99874325517726, 6.942976371713243], [79.99826168460883, 6.943163675129363], [79.99782465103729, 6.94337770900592], [79.99740553360876, 6.943578378853493], [79.99697745494846, 6.943801332732791], [79.99654493721607, 6.944051031938273], [79.99620158367156, 6.944233903151321], [79.99580472876858, 6.944398826435706], [79.99544353889037, 6.944483581666525], [79.99496638709954, 6.944488030378202], [79.99458292308775, 6.944425585167787], [79.99418606080098, 6.944327528341859], [79.99375796629836, 6.944216037232977], [79.99335666312086, 6.944060004183498], [79.99290629345548, 6.94389056380149], [79.99246931831046, 6.943689879714224], [79.99211698896923, 6.943489210355865], [79.99171567822412, 6.94320383537443], [79.99141693389721, 6.943003170812612], [79.99108695718057, 6.942762396171957], [79.99076141647342, 6.942481458956769], [79.99047162875402, 6.942196106702112], [79.9901416484535, 6.941857198685977], [79.98982054151924, 6.94144693989648], [79.98961548643148, 6.9411169871533405], [79.98941922018552, 6.9407958719226945], [79.9891739720893, 6.940385691400374], [79.98891541123962, 6.9399620559001285], [79.9886924338902, 6.939609826299883], [79.98847841605783, 6.939244127670037], [79.98830450484805, 6.938891890558992], [79.98806812840728, 6.938454913566834], [79.98784071147857, 6.938066952357112], [79.98764896398552, 6.937692358690766], [79.9874706136908, 6.937304471422647], [79.98728338815583, 6.936858524064178], [79.98711391200536, 6.936443832963879], [79.98693999806993, 6.936104949977197], [79.98646732247371, 6.935939914060549], [79.98631124253386, 6.935886415332166], [79.98628453227009, 6.935904279050828], [79.98596793395073, 6.936073704779204], [79.98571823861523, 6.93635463679294], [79.98551752605617, 6.936666756145061], [79.98524555638701, 6.937054722703669], [79.98501369453304, 6.937407004513197], [79.98477730915866, 6.937741409004545], [79.98451873525264, 6.938031291541514], [79.9842600752406, 6.938289891057471], [79.98393903195331, 6.938557435522329], [79.98355108173425, 6.938766980570941], [79.9831675674347, 6.93891866261483], [79.98273506641682, 6.939074722427756], [79.98236938461875, 6.939190649457389], [79.98199482587168, 6.939324413789579], [79.98162026551414, 6.9394537319835115], [79.98116104497893, 6.939551832877053], [79.98076412150675, 6.939645433323838], [79.98034500727307, 6.93969895502896], [79.97997931544255, 6.93969896545583], [79.97961370742006, 6.939703423157947], [79.97914099206562, 6.939698982307641], [79.97877538052565, 6.939690021058363], [79.97833389657261, 6.939685594659022], [79.97807974144797, 6.939667759527281], [79.97788805781127, 6.939654400897247], [79.97741533309582, 6.9395785834170525], [79.9769204159911, 6.939480470706144], [79.97640313542719, 6.939373477306801], [79.97593492602009, 6.939275364697071], [79.97545783801831, 6.939199534817375], [79.97495838638595, 6.939101487073216], [79.97456152001034, 6.938998905201917], [79.97421816512701, 6.938887434926979], [79.97392388425027, 6.9387715088034705], [79.97379901941338, 6.9387224648596435], [79.97341110939796, 6.938530675316145], [79.97299195980439, 6.9383522883760955], [79.97253260845494, 6.938227447610717], [79.97213129282791, 6.93818733396381], [79.97172553712396, 6.938191824373831], [79.9713598944811, 6.938209612709915], [79.97096301172604, 6.938209602484395], [79.97049929674807, 6.938240829401114], [79.97009353345076, 6.938267626855076], [79.96962085182331, 6.938316687391545], [79.9692552003564, 6.938423627770743], [79.96914816763419, 6.938481655780833], [79.96886283175292, 6.938637665226879], [79.96845253709229, 6.938905235398201], [79.96801560999279, 6.939195115428938], [79.96767222933588, 6.939431450459178], [79.96725305216052, 6.9396989942859175], [79.96688295229202, 6.939930882780469], [79.96651285085353, 6.940122598616672], [79.96616954963783, 6.940283116749132], [79.96583503877498, 6.94044810531698], [79.9654694567966, 6.940626498800879], [79.96512606611857, 6.940800351675012], [79.96476039581243, 6.940978742997561], [79.96439924793464, 6.941108084839298], [79.96402913596131, 6.941237397747928], [79.96360106399766, 6.941380029373679], [79.96322650997692, 6.941487099516281], [79.96286979443221, 6.941607481124548], [79.9624551182479, 6.94170553460423], [79.9622633149084, 6.941741230558997], [79.96195123879212, 6.941799187456524], [79.9614428323139, 6.941866069107479], [79.9610727931647, 6.941915115245138], [79.96066254723641, 6.941977533341772], [79.96028345643236, 6.94203552038849], [79.95988660865483, 6.942133626381021], [79.95940951824186, 6.942231724774708], [79.95891006008883, 6.942361033294365], [79.95850432826404, 6.942459191606788], [79.95811635024494, 6.942566133199088], [79.95764368910558, 6.942695524481641], [79.9572914750778, 6.942806943479782], [79.9567964437993, 6.942936262548639], [79.95632829989488, 6.943092341940299], [79.95584222659916, 6.943212716203715], [79.95544535863746, 6.943319789574152], [79.9553829557029, 6.943333174569432], [79.95505745239535, 6.943404500920903], [79.9546293364422, 6.943475828142482], [79.95426370753727, 6.943502570736926], [79.95383567306202, 6.94348474124615], [79.95340755112097, 6.943373306512685], [79.9531266029603, 6.943217229501598], [79.95303295337263, 6.943172640397012], [79.95266731778622, 6.942878320919074], [79.95227939920821, 6.942570596462622], [79.9518870396691, 6.942240631980624], [79.95159712274199, 6.942013237576652], [79.95124932360439, 6.941718980348719], [79.95095948993225, 6.941482617943504], [79.95053143926904, 6.941174937411479], [79.95019703923668, 6.9409609083559936], [79.94972877459516, 6.94070224636855], [79.94938096802149, 6.940523902204708], [79.94904212420367, 6.9403767866652695], [79.94859169637425, 6.940176055036932], [79.9481413515972, 6.939984378364371], [79.94773113030698, 6.939837201353368], [79.94731194277503, 6.939703412695627], [79.94694628325179, 6.93956074002637], [79.94681702570209, 6.939520569504563], [79.94659402609838, 6.939449227848136], [79.94616595405525, 6.9393601087178265], [79.94589847199576, 6.939311017993405], [79.94580037511454, 6.939297616553528], [79.94541242605676, 6.939266412680907], [79.94496206490126, 6.939248591378748], [79.9445741121238, 6.939262001975684], [79.94419059725493, 6.9392797902952], [79.94381160573099, 6.939328872691998], [79.94345933594812, 6.939444799140749], [79.94319176023018, 6.939739128824027], [79.94304012793468, 6.940131541928283], [79.94304012793468, 6.940510532784921], [79.94307581619005, 6.940920756626853], [79.94312934854578, 6.94137112959412], [79.94323188810222, 6.941794743936575], [79.94326757627933, 6.942173776656149], [79.94326757627933, 6.942552779688036], [79.94318288086876, 6.942945178363355], [79.94296883675895, 6.943346546604042], [79.94271910373887, 6.94362744844513], [79.94237570899946, 6.943859314398345], [79.9420011493512, 6.944068854652597], [79.94165783717281, 6.944269522101272], [79.94130111893821, 6.944470227452525], [79.94085517640875, 6.944702092746919], [79.94044492093467, 6.944889371744221], [79.94034681793583, 6.944933922143519], [79.9400881977536, 6.945045458104683], [79.93975828301416, 6.945219332134666], [79.93943716139096, 6.945428878191887], [79.93907155432169, 6.94568751147863], [79.9387282306454, 6.94594168889537], [79.93840710524132, 6.946209272523698], [79.9380548990757, 6.94651248809568], [79.93770704606742, 6.946779988208561], [79.93741725288825, 6.9470252841950115], [79.93709620805708, 6.947315100266455], [79.93681520747889, 6.9476182993569955], [79.93661455321691, 6.947943824005195], [79.93641842390429, 6.948287229764518], [79.93624005428707, 6.948626084511802], [79.93603487327728, 6.948924840968476], [79.93601258767046, 6.948960499096376], [79.93580749151302, 6.9492726770611775], [79.93552213211302, 6.949642801671833], [79.9352723778351, 6.949932608345866], [79.93503602851506, 6.95022245908065], [79.93475963220364, 6.9505033730996955], [79.9344474578718, 6.950748603394305], [79.93442517186077, 6.9507709241231455], [79.93408182995472, 6.950944838684167], [79.93370723479954, 6.95107411133087], [79.93333272342937, 6.95116329031796], [79.9332880654459, 6.951172200001857], [79.93282884684858, 6.951221255216323], [79.93242751958644, 6.951216818119863], [79.93199937821937, 6.95119895569596], [79.93159360688591, 6.951132098111951], [79.9312056802185, 6.951020595192675], [79.93078649888729, 6.950842301778229], [79.93045210875552, 6.9506950801408305], [79.93018901899276, 6.950570235393072], [79.93005973668402, 6.950507820965404], [79.92961826263216, 6.950316119845371], [79.92912333085548, 6.9501243297564335], [79.92870413955589, 6.949981686645408], [79.92833848765369, 6.949892485732756], [79.92797283422487, 6.949816703247134], [79.9276116197405, 6.949714097715602], [79.92723264180779, 6.949709649595825], [79.92684025531192, 6.949803289776477], [79.92643890060322, 6.949901426553639], [79.92613122254622, 6.950110930289364], [79.92602422240248, 6.950329485931705], [79.92596623902976, 6.95045879607391], [79.92585923868448, 6.950837809751661], [79.92568981408756, 6.951185583972194], [79.9254445577398, 6.951497790064333], [79.92512346900426, 6.9517652927982185], [79.924789057251, 6.951988213319539], [79.92443679629899, 6.952197819081004], [79.92407112658347, 6.952385151042277], [79.92371442207667, 6.95251439113609], [79.92331757913416, 6.952612540993986], [79.92289836005168, 6.952617008079523], [79.92252380245874, 6.952572390781038], [79.92214036176887, 6.952474312547982], [79.92177024170319, 6.9522959254227965], [79.92147151421582, 6.952068541264024], [79.92120395668536, 6.951783137416054], [79.92097653641225, 6.951453163122939], [79.9207758458576, 6.9510429274673635], [79.92065995752802, 6.950712914104724], [79.92064654965687, 6.950672857673763], [79.92052613492585, 6.950298291530579], [79.92043253584337, 6.949919207852947], [79.92031212081835, 6.949517891039131], [79.92018726478082, 6.949161181979513], [79.9200267109281, 6.9487865767942365], [79.91983942619531, 6.948465559905191], [79.91960756150526, 6.948135590989552], [79.91938013709009, 6.947814529272184], [79.91913042218216, 6.947506815404232], [79.9188228038656, 6.947167960576661], [79.91855523824994, 6.946891473222007], [79.91818066209665, 6.94661060151789], [79.91783734191846, 6.94644113231657], [79.91770795598012, 6.946401028023832], [79.91736463395084, 6.946298403613756], [79.91698561170148, 6.946218214600068], [79.91657088876912, 6.946222616798827], [79.9161918630886, 6.946276115320274], [79.91575493104637, 6.946369760624507], [79.9153045027332, 6.946503530848877], [79.91493443921192, 6.946632873747719], [79.9145286742531, 6.946753290398703], [79.91409164851734, 6.946927193444851], [79.91368143848268, 6.947083240142402], [79.91329351792164, 6.947283894509091], [79.91313295144543, 6.94736864810278], [79.91293232834478, 6.947480108388539], [79.91258446097838, 6.947716455034476], [79.91230799383564, 6.9479705736509345], [79.91208063589697, 6.948269389388177], [79.91183534147211, 6.9486751638549], [79.91171944132594, 6.949138911718456], [79.91164359796392, 6.949504501532144], [79.91147414589112, 6.94996824197484], [79.91123781778136, 6.950289343929022], [79.91095690508011, 6.950525671902339], [79.9106314073591, 6.9505345577006095], [79.9105511217214, 6.950539065657561], [79.91017215543754, 6.9504498917703845], [79.90974407616098, 6.950307208870557], [79.90933384579638, 6.950160057913109], [79.90891464526644, 6.9499593675751195], [79.90859358140362, 6.9497542285093035], [79.90824134079446, 6.949531287924109], [79.90782213504555, 6.9492681996488646], [79.90741642260346, 6.949022940898308], [79.90709535325935, 6.948840113864451], [79.9067385796948, 6.948648360554899], [79.90640418323683, 6.948478909744083], [79.90638633164042, 6.948470041214977], [79.90619457622512, 6.948367493942385], [79.90606525852812, 6.948300552437102], [79.90555695442643, 6.948086567218582], [79.90513782127177, 6.947975037547661], [79.90471860069991, 6.947876923281039], [79.90429502189082, 6.947836830039257], [79.90386247227431, 6.94784132252735], [79.90347450830538, 6.9478546888831625], [79.90302862949986, 6.947859138020846], [79.90253371845778, 6.947899233301119], [79.90243557301287, 6.9479036814932735], [79.90211448545142, 6.947917102610262], [79.90173992452192, 6.94793043066208], [79.90132974216839, 6.947948331077753], [79.9008570306825, 6.947997385765736], [79.90046016974348, 6.948037474024143], [79.89996968609654, 6.948086551624906], [79.89955052627083, 6.948175708222392], [79.89914033369168, 6.948291647909708], [79.89875679079246, 6.9484343449346415], [79.89845362841608, 6.948666215323075], [79.89825297176226, 6.948862452390758], [79.89817711676481, 6.948933734888718], [79.8978560990572, 6.94925033446668], [79.89764202965182, 6.949549097481563], [79.8974547825615, 6.9498835954208955], [79.89727197707917, 6.950275981731426], [79.8970936132326, 6.9506371844187465], [79.89696428213269, 6.951002752239501], [79.89682606678376, 6.951475473012005], [79.89686613046415, 6.951890178582112], [79.89700443117351, 6.95224685220694], [79.89730759855114, 6.952483224863941], [79.89762870368595, 6.952697269047502], [79.89802549199588, 6.95293354638239], [79.89840903808818, 6.953147635804638], [79.8987434649957, 6.953317025127546], [79.89910018562703, 6.953486488052271], [79.89948364160574, 6.953664849574502], [79.8998180644219, 6.953834321149484], [79.90017033882864, 6.954039418699698], [79.90049143349854, 6.954275778838869], [79.90079458884134, 6.954570037361677], [79.90094176700882, 6.954940176208498], [79.9008927361203, 6.955328103827266], [79.90077229427443, 6.955711594594111], [79.9005181699797, 6.956010338068315], [79.90017033882864, 6.956197623654374], [79.89982703359867, 6.956376033270582], [79.89944349369802, 6.956483011045138], [79.89906892137675, 6.956554370054585], [79.89864975725244, 6.956558811278148], [79.8982395604668, 6.956527633812301], [79.8978560990572, 6.956451841477718], [79.89755284814946, 6.956420610107166], [79.89746810855375, 6.956411681415359], [79.89704005275395, 6.9563359036032], [79.89661199486852, 6.956246706939812], [79.89618837695944, 6.956148632616255], [79.89576031492462, 6.956050463059059], [79.89538572689904, 6.955939050503261], [79.89526980503598, 6.955898898113909], [79.8949755148736, 6.95579631943678], [79.89450729676668, 6.955613464682264], [79.89416396940653, 6.9554931031770355], [79.8937849323929, 6.955381595968575], [79.8933701852638, 6.955305860442542], [79.89292878282218, 6.955310306113607], [79.89249626266104, 6.955314780003174], [79.89204588586033, 6.955319194152913], [79.89166239742174, 6.955323667080223], [79.89125216801739, 6.955328132429145], [79.8907794877398, 6.955319214875024], [79.8902979202021, 6.955301376433136], [79.88992330889546, 6.955243392837164], [79.88988324205005, 6.955238977440762], [79.88955766621761, 6.955176548096249], [79.88948633154595, 6.955163136753566], [79.88912965731947, 6.955087350088755], [79.88871941609666, 6.954984791409393], [79.88837606613001, 6.954935722305613], [79.88827346240878, 6.954922368124783], [79.88788551503346, 6.954855449012284], [79.88743520004518, 6.954828740191059], [79.88702939344181, 6.954810825822349], [79.88659684425737, 6.95478853872552], [79.88623118774726, 6.9547930664434645], [79.88581204783084, 6.954797497939324], [79.885392905917, 6.954837656333491], [79.88492472220858, 6.954864395524395], [79.88444312260769, 6.954904506917096], [79.88404174487478, 6.95493122269632], [79.88360482373675, 6.9549714020426086], [79.88320344217898, 6.9550560726213], [79.88281111514034, 6.955207703353698], [79.8824454428932, 6.955394986233019], [79.88217340909544, 6.9555644739599325], [79.88207976912626, 6.955617996406887], [79.88177654923562, 6.955818581937175], [79.88142428655158, 6.956041556599722], [79.88114780677516, 6.956282404507613], [79.88081339836934, 6.9566212718563465], [79.88048343154803, 6.95696904619106], [79.88022036286185, 6.957303464749469], [79.87999736475624, 6.957606734368514], [79.87993499353745, 6.957744914313778], [79.87989927958678, 6.957941139434805], [79.87973873750997, 6.958369185640472], [79.87964065205227, 6.958614514387712], [79.87957819514028, 6.958761586108548], [79.87943995246063, 6.95912730665765], [79.87927949498662, 6.959488429407891], [79.87909665171499, 6.959845193036194], [79.87895396534662, 6.960224242096821], [79.87882913594484, 6.960630029309425], [79.87882016462578, 6.960679066352721], [79.87876223551496, 6.9610446614886365], [79.87869089208861, 6.961401401664194], [79.87863732039992, 6.961816082211213], [79.87859280546314, 6.962181728974448], [79.87855709096783, 6.962560743533839], [79.87855709096783, 6.962930907492416], [79.87857050526561, 6.963309930788775], [79.87858383412, 6.963394614328613], [79.8786328774514, 6.9636978496445465], [79.87873993536036, 6.964076868353414], [79.87891380806352, 6.964455869831725], [79.87910998048967, 6.964799216481693], [79.87936416667203, 6.965173804337152], [79.87964509494994, 6.96550377798585], [79.87989039381691, 6.965775831662199], [79.88015790636126, 6.966096870390309], [79.88043883210545, 6.966440188922123], [79.88066174365302, 6.966734483645566], [79.88088918290993, 6.967019903409223], [79.88092933929168, 6.9670599762923064], [79.88115677785694, 6.967336504707361], [79.8814154009357, 6.967657523282434], [79.88166958045909, 6.967987503080188], [79.88193708759474, 6.968353182334555], [79.88220912212313, 6.96876342756696], [79.8824364719428, 6.969115636596284], [79.8827040621842, 6.969481325099932], [79.8829894225283, 6.96983357272582], [79.88323026935595, 6.970110079920763], [79.88352007069528, 6.970426610442009], [79.88380987107996, 6.970734330079838], [79.88406404368577, 6.971055353775569], [79.88426029006588, 6.971363006559953], [79.8844386799523, 6.971706418015575], [79.88463039741544, 6.972138894004248], [79.88480425847905, 6.9725625806656595], [79.88492472220858, 6.9730218300552185], [79.88497820463418, 6.9733429185585125], [79.88501835914963, 6.973539125565619], [79.8850629562708, 6.97404300024497], [79.88508525482291, 6.974502252349253], [79.88509414006815, 6.974974884007741], [79.88508525482291, 6.975362884341499], [79.88505398558732, 6.975755257015222], [79.88499606058053, 6.976205599604176], [79.88489345291592, 6.976629271205279], [79.88486671168141, 6.976999350766587], [79.88478195985572, 6.977356055653244], [79.88465269607721, 6.97772175046822], [79.8844208238928, 6.978060577279777], [79.88414879620315, 6.978386169737767], [79.88383669807202, 6.978707181396238], [79.88353792693763, 6.979010367843495], [79.88323915478857, 6.979291318193026], [79.88294926708673, 6.979536557874429], [79.88282000061527, 6.979612373050802], [79.8824989268261, 6.979804139282646], [79.88206644080138, 6.979991404976433], [79.88166060942959, 6.980134123240614], [79.88165172383756, 6.980138541088686], [79.8813172319081, 6.980263387893314], [79.88085355478567, 6.980428390973084], [79.88040311835925, 6.980593355210285], [79.87998847899625, 6.980727149227505], [79.87946225243786, 6.980847542750095], [79.8790832374974, 6.980909973831318], [79.87858383412, 6.98097239949895], [79.87821822974828, 6.980972369488831], [79.87776786527631, 6.980967926099421], [79.87737098554952, 6.980959054764304], [79.87698299009766, 6.980941156212495], [79.87660396448157, 6.980887709723876], [79.87623390881717, 6.980874321007088], [79.87616700641489, 6.980869888024483], [79.87578797728571, 6.980838597036953], [79.87539108863307, 6.9808297239599355], [79.87499428363618, 6.9808118767615595], [79.8745037433765, 6.98072271195657], [79.8744413682652, 6.98071376723508], [79.87399098447226, 6.980593365669522], [79.87360305957127, 6.980459593236388], [79.87317497306059, 6.980267868463038], [79.87277362938603, 6.980053837160034], [79.87242133067399, 6.979862129397428], [79.87204681415051, 6.979670347882653], [79.8716142767725, 6.9794473991387465], [79.8711461052175, 6.979211069569445], [79.87082498884837, 6.979041625628465], [79.8703612564644, 6.978814206863037], [79.87017848012215, 6.978725044662263], [79.86993315419713, 6.978600170452897], [79.86953188120098, 6.978328172507282], [79.86917956952314, 6.978127495239688], [79.86900123416392, 6.978020479688411], [79.8689967907292, 6.976464240156707], [79.86898781840837, 6.976058482116943], [79.86913949323285, 6.975429716743833], [79.86926877979258, 6.974801040679277], [79.86914838008771, 6.97413214613127], [79.86895662890505, 6.973436496991779], [79.86872027192649, 6.972522409951968], [79.86863559000585, 6.9722013936419565], [79.86855535146104, 6.971880313016753], [79.86845272463216, 6.9712470828575475], [79.86832343687492, 6.970645139026013], [79.86824764151858, 6.970359734830909], [79.86816295914367, 6.970043176559514], [79.86806486079126, 6.969673053774965], [79.86794890292899, 6.969057668837397], [79.86769024029428, 6.968571641849879], [79.86749848593821, 6.968344223317936], [79.86709720185338, 6.9678269997156885], [79.86644613675577, 6.9670733581424], [79.8663079589139, 6.966917350466567], [79.8659288873583, 6.9666007008275415], [79.86546512920468, 6.96602103381371], [79.86505050496024, 6.965570642403476], [79.86454213469116, 6.965209505240455], [79.86427457471156, 6.965048940407487], [79.86395351875507, 6.964933060593989], [79.86370826095495, 6.964928591274886], [79.86339617582684, 6.9649374772298325], [79.86308844787033, 6.964924064367077], [79.86291454392634, 6.964834956124608], [79.8627183354283, 6.964567361842023], [79.86267825619969, 6.964308787385977], [79.86263364774042, 6.9640545626178465], [79.8625355432334, 6.9638539146283716], [79.86238838626817, 6.9636933579094435], [79.86218328904275, 6.963528402252621], [79.86171506738064, 6.963439187516991], [79.86120676333438, 6.963385728993831], [79.8605512108674, 6.963300970115217], [79.86004734399783, 6.963242998588523], [79.85977985583642, 6.963265291698952], [79.85960594536654, 6.963283131845876], [79.85931606533453, 6.963350049184179], [79.85924470615925, 6.963515035652281], [79.85932948256222, 6.964116991493259], [79.85934281432785, 6.964460351596839], [79.85912882215402, 6.964504974846262], [79.85895491040023, 6.964420231840133], [79.85887910698794, 6.963390196324226], [79.85879433015204, 6.962913057729459], [79.8586293911148, 6.9628015924960645], [79.85833950787286, 6.962716862139022], [79.85816115058161, 6.9627569973529555], [79.85799621036021, 6.9632252018296885], [79.85777324145664, 6.96362207506286], [79.85810765187003, 6.963969837661447], [79.8580184303044, 6.964206223347872], [79.85784904581942, 6.9641125244590105], [79.85747446736985, 6.963858393757393], [79.85742985627806, 6.964112553022418], [79.85741199474265, 6.964317655339268], [79.85729166430455, 6.964406814306922], [79.8572024419135, 6.964295359305811], [79.85721585946276, 6.964050147445452], [79.85755027198941, 6.962779253657237], [79.85771974250976, 6.96221746344403], [79.85754582797743, 6.961891919780102], [79.85736746908121, 6.961722452626449], [79.85710877539822, 6.961682368706676], [79.85664950037003, 6.961668926494031], [79.85650686310964, 6.961517365599583], [79.85637755783246, 6.961281055914061], [79.85587366711837, 6.961240867580379], [79.85422378092814, 6.961165096316644], [79.85371987791275, 6.961156187774647], [79.85348356555154, 6.961040198586351], [79.85348356555154, 6.960531929680248], [79.85511560358346, 6.960598747612407], [79.85648900138733, 6.960638896725371], [79.85659155668152, 6.96051848177344], [79.85657369497636, 6.960353523806006], [79.85649788951754, 6.960108266155146], [79.8563908900443, 6.95997897754511], [79.8564622515285, 6.959876402727332], [79.85666736205984, 6.959836278655857], [79.85664950037003, 6.9595597759188035], [79.85663616819727, 6.95903360644099], [79.85658266856073, 6.958583284206868], [79.85652019530193, 6.958449460667197], [79.8551467979837, 6.95829785807287], [79.85368423880152, 6.958110628565341], [79.85370654529729, 6.957874282164754], [79.85658266856073, 6.958248812593259], [79.85662275055986, 6.957829688320901], [79.8543084766918, 6.9570805752972955], [79.8543084766918, 6.956621236328725], [79.85722919154787, 6.956648016076509], [79.85722919154787, 6.9563537247961085], [79.85598066721899, 6.955617944846726], [79.8558959730606, 6.955047193967407], [79.85576666688797, 6.954222267245666], [79.85563727506221, 6.9531119649191195], [79.85548566247007, 6.95151555271276], [79.85541438565973, 6.95094924975636], [79.85532516136993, 6.950231354015869], [79.85514235385064, 6.948519100187049], [79.85496399009483, 6.947194737656489], [79.85495057220307, 6.947043083154244], [79.8548792949604, 6.946258300055564], [79.85451359223063, 6.945576057317369], [79.85372885178742, 6.944363183907902], [79.85311794250295, 6.9434178330264595], [79.85275223247298, 6.9437121268887445], [79.85248472219006, 6.943364312946276], [79.85289051702334, 6.943047770158951], [79.85165534969221, 6.941585200313419], [79.85147253456996, 6.941366650847364], [79.85115143201033, 6.941661003885881], [79.85097306018754, 6.9415182657607835], [79.85132535914732, 6.941165998594785], [79.84991632580939, 6.940060135162464], [79.8495729100534, 6.940385677531434], [79.84939009061794, 6.940225150993233], [79.84977803659893, 6.939806024348221], [79.84948820974492, 6.939614273776536], [79.84885949331019, 6.940497139367628], [79.84864094577914, 6.94032323959291], [79.8492206895689, 6.939569662325074], [79.84865436463024, 6.9389944606717835], [79.84782495614135, 6.938289907558551], [79.84778487014621, 6.937554154234471], [79.84767777463712, 6.937554117237909], [79.84721409146483, 6.937545211691234], [79.84718289426075, 6.938093669236182], [79.84661211168789, 6.938468292084288], [79.84690639253176, 6.9396633058092965], [79.84718289426075, 6.940782570008734], [79.84747272868302, 6.941830385172729], [79.84700006987603, 6.9419954189000554], [79.84646492816192, 6.942164846812072], [79.84588080715052, 6.940675488996946], [79.84518513911397, 6.938976595086589], [79.84493991461105, 6.9390300708822386], [79.84501572999714, 6.939377939566035], [79.84488640788452, 6.9394581461505105], [79.8447570855825, 6.939150498651183], [79.84445835290512, 6.939181735170664], [79.84450741522248, 6.939618721085079], [79.84428441223983, 6.939672189123432], [79.84415508905634, 6.939355652531151], [79.84372703053252, 6.939404633879627], [79.84373600542303, 6.939587522065077], [79.84362001557743, 6.939667772241461], [79.84337478672886, 6.939658867013193], [79.84310280329188, 6.939801538923585], [79.84305374019429, 6.940055661459775], [79.84310724803107, 6.940349966890365], [79.84325435167734, 6.940452516859153], [79.84344615873655, 6.9403901369411525], [79.8435977065329, 6.9403321440928565], [79.84378053796145, 6.940372272966163], [79.84384302023759, 6.940675500096522], [79.8440168762973, 6.941491568122473], [79.84406149416894, 6.942254042148095], [79.84426663351864, 6.943529306875861], [79.84449844041039, 6.944657451430763], [79.8446902447679, 6.9460621005545065], [79.84493102531687, 6.947261600119452], [79.8452297563954, 6.948853512720082], [79.84546609085318, 6.950164498356973], [79.84551070799267, 6.950605910181219], [79.84536796725635, 6.950775383807535], [79.84509154531816, 6.950940364924189], [79.84474819626992, 6.951069639229974], [79.84476606036833, 6.951417459250586], [79.84499342130518, 6.951876793329974], [79.84535018875329, 6.952594709560439], [79.8455820782743, 6.952902370423097], [79.84556421434097, 6.95321896283233], [79.84545275699102, 6.953513256221032], [79.84526992902416, 6.953553368256628], [79.845131632536, 6.9535444915269435], [79.84499342130518, 6.953348274528954], [79.84487307393482, 6.953348270323643], [79.84492658066945, 6.9537986235840945], [79.84498453201638, 6.954248994955677], [79.84505590272326, 6.955091808726476], [79.84514505192041, 6.955577857607248], [79.84503803868347, 6.955702688546899], [79.84483290112554, 6.955671438184452], [79.84479725842627, 6.95549754744436], [79.84485520985805, 6.954846556112697], [79.84479725842627, 6.954079602767287], [79.8446902447679, 6.953517694834031], [79.84460545430116, 6.95262143453406], [79.84447621706217, 6.952050656462492], [79.84452972403723, 6.951123207464949], [79.84460998443905, 6.950240311242374], [79.84452074922739, 6.94924144695091], [79.84449844041039, 6.948813375095563], [79.84423987995547, 6.947796668181889], [79.84410158185432, 6.947114460967247], [79.84390097229551, 6.945767784847229], [79.8436423246163, 6.944434516668886], [79.84356650805124, 6.943823670213757], [79.84340598527825, 6.9427222063037375], [79.84325435167734, 6.942111363180642], [79.84297347837833, 6.941598512721026], [79.84237591447175, 6.9409475530476765], [79.8420638393672, 6.940385641370566], [79.84197015678706, 6.939533983448364], [79.84194340252833, 6.938717954258536], [79.84178732161139, 6.937991107946335], [79.84131471785435, 6.9370101432936035], [79.8411318813222, 6.9366801913127185], [79.84090442496795, 6.935953291214422], [79.84091340014523, 6.935422725014678], [79.84098024381777, 6.935119475161392], [79.84127009859529, 6.934660150477351], [79.8413459171313, 6.934383759121801], [79.8413682267445, 6.933572162666627], [79.84144395971893, 6.933153009793238], [79.84177398719386, 6.932524245617869], [79.84197904637922, 6.932270108164709], [79.84195682239714, 6.931962454938562], [79.84194784732587, 6.931859897488092], [79.84205041951465, 6.931351570305769], [79.84216188115809, 6.930892235841514], [79.84220205518221, 6.930312530595509], [79.84223769892874, 6.930201076778571], [79.84281739928137, 6.929041733298675], [79.84314733614956, 6.928453152224898], [79.84327666080857, 6.927574685973931], [79.84349966633563, 6.9269459332236165], [79.84387866332197, 6.926031800729743], [79.84428441223983, 6.924818944527157], [79.84476606036833, 6.923423226159448], [79.84497111260757, 6.9227543783195], [79.84516736057408, 6.921898258253221], [79.84533676940002, 6.921135763270253], [79.8455195972285, 6.92063181631531], [79.84572028858386, 6.92005660432215], [79.84606807844285, 6.919066682092008], [79.84624646017626, 6.918473637187], [79.84625090475727, 6.9183532128950675], [79.84625979391858, 6.918134740140462], [79.84654074223874, 6.916596402402198], [79.84677707318792, 6.91567336428502], [79.84688408431742, 6.9154548196889305], [79.84714716703814, 6.91482613882015], [79.84749495127711, 6.914090314162951], [79.84765555208902, 6.913439339275565], [79.84769563814287, 6.913006780057263], [79.8478160671376, 6.912378055941429], [79.84785615311857, 6.911709172681752], [79.84796769290588, 6.911370310075189], [79.84812376290049, 6.910879830329902], [79.84834222624113, 6.91009055670055], [79.84853393677899, 6.909475174923316], [79.84877923677091, 6.908632377466587], [79.84891299762916, 6.908235530192471], [79.84928308252589, 6.907250120126442], [79.84935000533348, 6.906759619860286], [79.84943470577457, 6.90648756259493], [79.84951940613438, 6.906188854681511], [79.84969333648728, 6.905818722837176], [79.84984051463123, 6.905328251531883], [79.85006786250136, 6.9045791235433], [79.85031760260709, 6.90365604066484], [79.85054059035217, 6.902782064664829], [79.85073229611577, 6.901908077325493], [79.8509062240787, 6.901475541102986], [79.85121835340139, 6.900646134070872], [79.85134766623935, 6.9000620436209], [79.85153048162026, 6.899254925728241], [79.8517623549083, 6.898456777959046], [79.85214140189437, 6.897355324797932], [79.85227960193502, 6.89703429718581], [79.85247583365556, 6.896320847423429], [79.85253822431153, 6.895950725570349], [79.85270770445979, 6.895602916241241], [79.85302871589084, 6.8948047715301755], [79.85315802607613, 6.8942562577681645], [79.85325614101426, 6.893627546480403], [79.85339442477495, 6.893226192989751], [79.85340331321693, 6.893186089689918], [79.85348356555154, 6.892606424012185], [79.85366193230011, 6.89188851911679], [79.85383585448925, 6.8906666816297175], [79.85395174544806, 6.889962160283996], [79.85413455543426, 6.889395850004818], [79.85429958834101, 6.888972240039643], [79.85446906510627, 6.888397013867489], [79.85453589851673, 6.887790538757183], [79.85471426313799, 6.886947778320058], [79.85478118182716, 6.886546475772795], [79.85485254461346, 6.886029248891413], [79.85501304657345, 6.8854540168940055], [79.85508885330816, 6.884999141241774], [79.85518696609927, 6.884294621719707], [79.85529396703276, 6.884036041227009], [79.8553697735261, 6.883844292588197], [79.85553924823563, 6.883099564013316], [79.85558377481989, 6.882658166409346], [79.8556283868453, 6.882341588263769], [79.85576666688797, 6.881998183417022], [79.85595836129818, 6.881472006832035], [79.8561322789604, 6.880843329182863], [79.85631508442839, 6.880004944462998], [79.85633294618592, 6.879674972961918], [79.85640875178646, 6.879251377677113], [79.85642208399358, 6.879130969552692], [79.8564622515285, 6.8787430285649585], [79.85648900138733, 6.878386369542097], [79.85649788951754, 6.878323912716361], [79.85648455732189, 6.87812769961775], [79.85666736205984, 6.8775702818173166], [79.85700177666597, 6.876477802627072], [79.85733174598151, 6.875728734045753], [79.85754582797743, 6.875144552508803], [79.85762163253565, 6.874738824680743], [79.85784007236386, 6.873534864817766], [79.85794715554057, 6.873066605114117], [79.85798723691964, 6.872852572838609], [79.85817003854334, 6.871844848552044], [79.85838411850455, 6.87062300728549], [79.85852230876641, 6.869972033654985], [79.85866502822824, 6.868959787005467], [79.85891918794347, 6.867631010922858], [79.85905301889122, 6.86697545269062], [79.85931606533453, 6.86603465416239], [79.85941861734155, 6.865080372115437], [79.85945878351181, 6.8644783801644715], [79.85963269427194, 6.864068178611502], [79.85967277488497, 6.863702516899905], [79.85971738484224, 6.863122827027473], [79.85978874363502, 6.862708116559579], [79.85987787795015, 6.862418321155137], [79.85995368050392, 6.862159640121508], [79.85997598541432, 6.861642443347764], [79.86006964888453, 6.860879877745095], [79.86029705585582, 6.859649151745343], [79.86035055323923, 6.858766312506974], [79.86043532857907, 6.858360467678027], [79.86059582038028, 6.857281382456102], [79.86079203360192, 6.856122046325931], [79.86097927325082, 6.855194555113103], [79.86113096185784, 6.854311676402086], [79.8612289824696, 6.854008384810926], [79.86152774383638, 6.853023002471671], [79.86167045843403, 6.852626084727162], [79.86190230506935, 6.851712011723772], [79.86203168770362, 6.85087817114483], [79.86207621101008, 6.85020925991088], [79.86208518403457, 6.850151268721592], [79.86213868033305, 6.849634018175487], [79.86221892471993, 6.848880421278474], [79.86221892471993, 6.84883587846243], [79.8621966203769, 6.848349794771901], [79.86211193218787, 6.84782810008922], [79.86210748840578, 6.847444638573544], [79.86221448094322, 6.846766836900409], [79.86230369826335, 6.8459686798059876], [79.86221892471993, 6.844613085333918], [79.86223678528172, 6.844086894308372], [79.86235719442924, 6.843382380589466], [79.86245529913472, 6.8425173219090185], [79.86260245598827, 6.842075858105618], [79.86265595197287, 6.8413312215713376], [79.86274063963931, 6.840363599444178], [79.8628387439181, 6.839984528482125], [79.86303495214817, 6.838847512967465], [79.86324902029824, 6.837652481657244], [79.86333370739493, 6.83692113940873], [79.86332037623274, 6.83638160315265], [79.86314194356, 6.835899978512302], [79.86286104809867, 6.835364882589406], [79.86259348301643, 6.834914541199288], [79.86226797716324, 6.834272424249734], [79.8618934174838, 6.8341163916710626], [79.86170165051593, 6.833897906763273], [79.86167045843403, 6.833599155840062], [79.86174181564624, 6.833193340359688], [79.86191572190353, 6.832600272867744], [79.86221448094322, 6.831976045395624], [79.86229916903375, 6.831628201075444], [79.86229916903375, 6.831008401997171], [79.86247307419163, 6.830379615561974], [79.86267825619969, 6.829755367084202], [79.86284771686498, 6.829251534577368], [79.86290565644285, 6.829077625454534], [79.86303495214817, 6.828720895437033], [79.86327576809842, 6.827726504235431], [79.86336489888835, 6.827151294639655], [79.86345855875844, 6.826473498010994], [79.86342736729814, 6.825826872608879], [79.8633248199537, 6.825095583941238], [79.86324902029823, 6.8243732571650995], [79.86329807216839, 6.823927339860021], [79.8635165833908, 6.8234680606399705], [79.86410511678922, 6.822357748041808], [79.86458674218463, 6.821430229315701], [79.86498359406365, 6.820614178759506], [79.86517535389201, 6.8200524028263345], [79.86532694982466, 6.819428081906158], [79.8653402806834, 6.819361175435735], [79.86560783742785, 6.81821520107087], [79.86582189932935, 6.8174884095679795], [79.86612508870965, 6.816913196898396], [79.86642383348241, 6.816199735240351], [79.86673599334289, 6.815165163089173], [79.86687425596632, 6.814478502311983], [79.86695893957975, 6.813961215577954], [79.8670660116808, 6.813662482227908], [79.86743166235243, 6.812833115198129], [79.86761444439324, 6.812177576641545], [79.86775270563834, 6.811548849939839], [79.86782850142045, 6.811205515258764], [79.86794445944118, 6.810746250672479], [79.86813168389683, 6.810188809835912], [79.86844828116976, 6.809680466262346], [79.8685240763535, 6.809310366236138], [79.86855535146104, 6.80887788041193], [79.86867575197634, 6.808467594470773], [79.86904139596774, 6.807731911311876], [79.86945164347249, 6.80669734484714], [79.86952290893466, 6.806505625207163], [79.86975037696665, 6.805894710064909], [79.86979053842896, 6.8057921725743045], [79.87026316055974, 6.8043429241821345], [79.87044602217556, 6.803946072051161], [79.8707580823367, 6.802866998130402], [79.87097213172589, 6.801881515854682], [79.87122189808011, 6.801145799651384], [79.87137792692454, 6.800668652738013], [79.87151173895539, 6.800057753876957], [79.87159641811127, 6.799727804200665], [79.87182832408104, 6.798907312076217], [79.87196204997986, 6.79831424638887], [79.8723054639936, 6.797373391038037], [79.87259077260249, 6.796771425443805], [79.87288069441998, 6.79600886670292], [79.8731615579407, 6.795094786131345], [79.87310806833408, 6.794711325596366], [79.8731705298364, 6.794408105794699], [79.87322846262659, 6.794095923326301], [79.87342909093292, 6.792891947357731], [79.873794800639, 6.79150077914764], [79.87405335990256, 6.7906357108338025], [79.87449485706196, 6.789177566833907], [79.87457953334952, 6.788727220270811], [79.87478024402267, 6.787692639481187], [79.87495412454676, 6.787153153566833], [79.87531085624241, 6.786024963202552], [79.87548926427041, 6.785512187961024], [79.87600645753075, 6.78387120568143], [79.87627406732287, 6.782988360892285], [79.87664856586737, 6.781971610251029], [79.87683141422428, 6.781253718626012], [79.8769696610009, 6.7807498898977245], [79.87724162544136, 6.77988031367332], [79.87773215044629, 6.778582694495853], [79.87799966955052, 6.778025324810825], [79.87819592945587, 6.777597293785379], [79.87867747780918, 6.7766475019236365], [79.87893610817406, 6.776032085069758], [79.87923489493389, 6.775211648600238], [79.87972985172388, 6.773905093458935], [79.87975215162766, 6.773815929206475], [79.87977445152578, 6.773731198219135], [79.87980563719758, 6.773642058742506], [79.87982793708215, 6.773557327960223], [79.87985023696108, 6.773468164143377], [79.87987697972031, 6.773383445843105], [79.8799037224714, 6.773294213914855], [79.87993046521436, 6.773209495817056], [79.87995276506732, 6.773120332434616], [79.87997506491459, 6.773031169164711], [79.87999736475624, 6.772946439108132], [79.88001966459223, 6.77285727605737], [79.88004196442256, 6.7727725462084], [79.88006426424724, 6.772683302775261], [79.88009100694143, 6.772594152318791], [79.8801133067537, 6.772509422782874], [79.8801356065603, 6.772420260281721], [79.88015790636126, 6.772331097893102], [79.88018020615658, 6.772246368671412], [79.88020250594623, 6.772157125901063], [79.88022480573024, 6.7720724774878756], [79.88024710550859, 6.771983234936891], [79.88027384814721, 6.77189408535125], [79.88029614791314, 6.771809356650248], [79.88032733340007, 6.77172013892878], [79.88034963315245, 6.771635410432969], [79.88038090406006, 6.771550708317124], [79.88040764665803, 6.771465992266137], [79.88042994639005, 6.771376831072163], [79.88046113182958, 6.77129212746759], [79.88048343154803, 6.77120288589039], [79.88051461696861, 6.771118182485625], [79.88053691667352, 6.771033454699273], [79.88056365922407, 6.770944306282433], [79.88058595891657, 6.770855145739452], [79.88059937290511, 6.77076596083954], [79.8806082586034, 6.770676762038463], [79.8806172297402, 6.770587565142728], [79.88063055828458, 6.770493945874625], [79.88063952941911, 6.7704047492239585], [79.88065285796013, 6.77031556313697], [79.88067071478436, 6.7702263911802785], [79.88069301444972, 6.770141664479327], [79.88072864263897, 6.770061407463196], [79.88076879909399, 6.769981083939645], [79.88081339836934, 6.769900853315985], [79.88082681232322, 6.769878566076802], [79.88085799762209, 6.769825055663454], [79.88091148251992, 6.76974476902828], [79.88096052455421, 6.769668983729228], [79.88100512373241, 6.769588753398016], [79.88104083723428, 6.769508498714087], [79.88108090810786, 6.769428173943392], [79.88111662157898, 6.769343486558458], [79.88115677785694, 6.769263244335958], [79.88119684867775, 6.769178486957011], [79.8812325621018, 6.769098232691147], [79.88127271832684, 6.769013477273418], [79.8813039034677, 6.768933209186507], [79.88133953140962, 6.76884852055554], [79.88137080196545, 6.768763821600005], [79.88140198707154, 6.768679040358846], [79.88143317216658, 6.768589906994419], [79.88145547163873, 6.768505182151005], [79.88147777110521, 6.768415944007831], [79.88150904161192, 6.7683312455475875], [79.88154022666902, 6.768246545398618], [79.88157593995372, 6.768161778726339], [79.88161601058363, 6.768081535932535], [79.88165172383756, 6.768001282812839], [79.88169187987131, 6.767921041963976], [79.88173639324052, 6.767840731001676], [79.88178099202544, 6.767760502496264], [79.88182114800023, 6.767680261883417], [79.8818657467422, 6.767599952937388], [79.88189693167288, 6.767515253588666], [79.88192820203062, 6.7674305561198524], [79.8819505013773, 6.767345832605296], [79.88198168627795, 6.767261052951484], [79.88201287116752, 6.767176353988632], [79.88204414148407, 6.767087143591819], [79.88207088357656, 6.767002432652857], [79.88209318288709, 6.766917709640387], [79.88211992496467, 6.766828566197828], [79.8821466670341, 6.766743855561096], [79.88217340909544, 6.766654631738065], [79.88220015114865, 6.7665699213039], [79.88223142139861, 6.766485224917281], [79.88226260619969, 6.766400446248509], [79.88229379098972, 6.76631574826968], [79.88232506120642, 6.766231052170368], [79.8823562459743, 6.76614627378929], [79.88238743073114, 6.766061576097852], [79.88241417271928, 6.765972353105675], [79.88243202918608, 6.765887699738972], [79.88245432840507, 6.7657984648091825], [79.88246329935365, 6.765709274125708], [79.88247662761842, 6.7656156613090195], [79.88248559856471, 6.765526470870683], [79.88249004131873, 6.765437266619257], [79.8824989268261, 6.765348155231645], [79.88250781233258, 6.765258963371294], [79.88253011153236, 6.765169729260257], [79.88254352522453, 6.765080551564988], [79.88257470991498, 6.764995855140994], [79.88259700909781, 6.76490670195448], [79.88262827920674, 6.764821926921461], [79.88265946386716, 6.764737230793123], [79.88269961944098, 6.7646524802278165], [79.88273524681776, 6.764572228977116], [79.882775402357, 6.764487478588355], [79.88281111514034, 6.76440722928951], [79.88285118520774, 6.7643269904222345], [79.8828957834276, 6.764246684957152], [79.88293593889358, 6.764166448030934], [79.88296712344493, 6.76408175262378], [79.88299386525688, 6.76399704518564], [79.88302513522477, 6.763912271163353], [79.88305631974451, 6.763823143540688], [79.88307861880529, 6.763729478690886], [79.88309647513722, 6.763649179911857], [79.8831187741878, 6.763560028371726], [79.88314107323274, 6.763475309425063], [79.88317225771138, 6.763386101748766], [79.88320344217898, 6.76330140723969], [79.88323026935595, 6.763216702494446], [79.88326145380297, 6.763131927588142], [79.88329263823897, 6.763047233367887], [79.88332390810065, 6.7629624604361815], [79.88335509251449, 6.7628777664075965], [79.88338627691728, 6.762793072474812], [79.88340857589442, 6.762703841404097], [79.88343984571489, 6.762619149453838], [79.88347547279189, 6.762534387331189], [79.88350665715201, 6.762454126202967], [79.88354681233916, 6.762369458735493], [79.8835735539749, 6.762284753276546], [79.88360029560252, 6.762199967327029], [79.88362712265848, 6.76211083145535], [79.88365386426982, 6.76202612629749], [79.88367616317912, 6.76193689617417], [79.8837073474681, 6.761852203313361], [79.88372964636386, 6.761762973407015], [79.88375638794402, 6.761678268655747], [79.88379654301718, 6.76159803441069], [79.88383669807202, 6.761517719656998], [79.88388129579229, 6.761437497657454], [79.88392580805377, 6.761357193364443], [79.88397040572886, 6.761276971518533], [79.88401056070433, 6.761196657079668], [79.88404174487478, 6.761111965037489], [79.88407745714404, 6.7610317192746345], [79.88410864129078, 6.76094694682959], [79.88413991086242, 6.760862256850039], [79.884171094987, 6.760777565184278], [79.88420227910052, 6.760688360726739], [79.88423354863887, 6.760603671040126], [79.88426029006587, 6.760518887009388], [79.88430044490903, 6.760438653938687], [79.88434051429806, 6.760353906300167], [79.88438511176291, 6.760273685460583], [79.8844208238928, 6.760197872835847], [79.88447430662478, 6.7601220279526295], [79.88452334667315, 6.760046251654958], [79.88457691477835, 6.759970408677604], [79.88462142668784, 6.759894618665727], [79.88466602401027, 6.7598143982573875], [79.88471062131009, 6.759738529579736], [79.88476418930125, 6.759662767447339], [79.884813229188, 6.7595824787240675], [79.8848578264132, 6.759506690834289], [79.88490242361576, 6.759426470790487], [79.88494702079572, 6.759350602453696], [79.88500050320779, 6.759274838865689], [79.88504065771303, 6.759194526407245], [79.8850762841417, 6.759114280787603], [79.88508525482291, 6.759025098595749], [79.88509414006815, 6.758931482553804], [79.88510746793435, 6.75884231086862], [79.88513873715091, 6.758757542616569], [79.88516992092141, 6.7586728532642], [79.88521007534932, 6.758592541445242], [79.88524570170938, 6.758507864312368], [79.88526800021515, 6.758423151168645], [79.88528585610268, 6.758333913358305], [79.88529926937467, 6.75824474421568], [79.88533045308824, 6.758155623314303], [79.88536163679076, 6.758070854067909], [79.8853973485242, 6.757990611437586], [79.885428532203, 6.7579058423762515], [79.88545980130543, 6.757821155775827], [79.8854731291162, 6.757731985502947], [79.88548209975694, 6.757638373002133], [79.88549098496209, 6.757549110366846], [79.8855043982028, 6.757459942236803], [79.8855132834057, 6.757370760424433], [79.88552216860771, 6.757281578732279], [79.8855444670434, 6.757192434991642], [79.88555788027595, 6.757103267332657], [79.8855801787026, 6.75701404323703], [79.88560691972019, 6.756929343905629], [79.88562921813441, 6.756840120028373], [79.88564263135402, 6.756750952825997], [79.88566492975919, 6.7566618097595255], [79.88568722815867, 6.756577098837851], [79.88570952655255, 6.756487875408461], [79.8857362675308, 6.7564031766998704], [79.88576300850096, 6.756313965492631], [79.88579419205011, 6.756229278989163], [79.88583434619304, 6.756148969786196], [79.88587005773452, 6.756064297246262], [79.88591012640855, 6.755983986428998], [79.88592353958533, 6.755943894525917], [79.88594139533977, 6.755899302071579], [79.8859725788257, 6.755814535448126], [79.88600376230056, 6.755729849502124], [79.88602606061416, 6.755640627113724], [79.88605280149619, 6.755555929376351], [79.8860840703767, 6.755471245507819], [79.88612422438727, 6.755390937086357], [79.88615985037706, 6.7553061830275], [79.88620000435303, 6.755225955353068], [79.88624460087507, 6.755145659161994], [79.88628475481235, 6.755060999711314], [79.8863203807371, 6.754980677937513], [79.88636053463979, 6.754900450587022], [79.88639616053385, 6.754815697058526], [79.88643631440193, 6.75473546987398], [79.8864764682517, 6.754655162188941], [79.88652106463356, 6.754574947138339], [79.8865656609928, 6.754494651584583], [79.88660572934991, 6.754414422936224], [79.88664144057819, 6.754334103597334], [79.8866726238159, 6.754249419289503], [79.88669492195991, 6.754160198686155], [79.88671722009829, 6.754075490645791], [79.88674848874257, 6.75398629597182], [79.88677078686736, 6.753901588136867], [79.8868019700592, 6.753816904327721], [79.88683315323999, 6.753727708187222], [79.88686442184304, 6.75364294577605], [79.88690004753298, 6.753562706055491], [79.88694020117102, 6.753477967742875], [79.88698035479071, 6.7533977419259665], [79.88701598043369, 6.753317502455347], [79.88706057654196, 6.753237208173239], [79.88710073010668, 6.7531569020170785], [79.88714532617199, 6.753081120275373], [79.88719880724729, 6.753005362497203], [79.8872211052579, 6.752974079094589], [79.88725237372303, 6.752929525981487], [79.88729696971141, 6.752853744435392], [79.88732815271669, 6.752768981191964], [79.88735045069451, 6.75267984295568], [79.88736830615925, 6.752590612313026], [79.8873816336808, 6.752501448644219], [79.88739948913923, 6.752412298811276], [79.88741290208885, 6.752323056578628], [79.88742622960366, 6.7522338932621695], [79.88745749799584, 6.752149213107577], [79.8874886809442, 6.752064450692655], [79.88752883431344, 6.751984226329322], [79.88756445973424, 6.7518994760290445], [79.8876046130689, 6.751819171254885], [79.88763579596507, 6.751734489782976], [79.88766253635765, 6.751649796480212], [79.88770268964753, 6.751565060254496], [79.88774284291907, 6.751484755822006], [79.88777855368559, 6.751400088425499], [79.88782306397475, 6.751319794301429], [79.88786321719132, 6.751239490113586], [79.88790337038957, 6.751159266581656], [79.88793011070078, 6.751074573923139], [79.88796129348154, 6.750985381031856], [79.8879835912988, 6.750900596084876], [79.888001446635, 6.750811448242451], [79.8880237444421, 6.75072223185146], [79.88805501262182, 6.750637553395565], [79.88808619535827, 6.75055279268165], [79.88813079092381, 6.750477013414518], [79.8881842713998, 6.7504011774514305], [79.8882288669156, 6.75032539831572], [79.88828234733192, 6.750249562478447], [79.88832694279799, 6.750169351855451], [79.88836709578447, 6.750089048834255], [79.8883983638421, 6.750004371061713], [79.8884339889106, 6.749919622929629], [79.88846517151269, 6.749834943569242], [79.88850532443605, 6.749754640889767], [79.88853659244454, 6.7496698829169315], [79.88857221745704, 6.7495896473091515], [79.88861681277608, 6.7495049251931745], [79.8886569656302, 6.749424703420196], [79.8886881481532, 6.749339944034021], [79.88871941609666, 6.7492551865220225], [79.88874171372169, 6.749170484131599], [79.8887550410351, 6.749076893200452], [79.88876401134107, 6.74898764326299], [79.88877289621463, 6.748929734717931], [79.8887773386511, 6.7488984841228055], [79.88879963626141, 6.748813782168542], [79.88883978903205, 6.748733480560061], [79.88889326907682, 6.748657726756461], [79.88893786423303, 6.74857743717418], [79.88897801694054, 6.748497135794559], [79.88900919934967, 6.74841245803901], [79.8890359393246, 6.74832776850767], [79.8890672071444, 6.748238580657098], [79.88909838952189, 6.748153822623713], [79.88912965731947, 6.748069066464125], [79.88916083967484, 6.747984389195229], [79.8891964644344, 6.747904074786186], [79.88922773219711, 6.747819399479936], [79.8892589145177, 6.747730210459665], [79.88928121200591, 6.747645509851678], [79.88930350948846, 6.747556297324331], [79.88932580696537, 6.747471596924409], [79.88935254684398, 6.747382396473772], [79.88937928671449, 6.7472977081362115], [79.88940611200772, 6.747208509677495], [79.8894284094586, 6.747123809689879], [79.88945959170802, 6.747039052935432], [79.88948633154595, 6.746954364997971], [79.889526484003, 6.746869633911937], [79.8895666364417, 6.746784902916322], [79.88960226103686, 6.746704589780789], [79.88964241344095, 6.746624370920448], [79.8896870082172, 6.746544083412348], [79.88974048774664, 6.746468251042494], [79.88978508247313, 6.746396906997801], [79.88983864737334, 6.746321157096633], [79.88989212681052, 6.746245324909392], [79.88994560621518, 6.746169492783637], [79.88999020083764, 6.746098148976023], [79.89003923781017, 6.746017954357974], [79.89008383238513, 6.745937667412455], [79.89010612966413, 6.745852888276319], [79.89012842693748, 6.745763758477324], [79.89014628183811, 6.745674536393854], [79.89016857910127, 6.745585406821761], [79.89019976108818, 6.745500651759128], [79.89023547085682, 6.7454204222733205], [79.89028006533226, 6.745340135945181], [79.89032910214311, 6.745264292816101], [79.89036481185924, 6.7451796322698385], [79.89040496391507, 6.7450993343563725], [79.89043614581813, 6.745014579827573], [79.89047177006096, 6.744929917778767], [79.89049406724156, 6.744845139813155], [79.89052533454279, 6.744755956081938], [79.89054763170981, 6.744671258890595], [79.8905654865253, 6.744582118733502], [79.89058778368214, 6.7444929099321485], [79.8906011107157, 6.74440375642081], [79.89062340786352, 6.744314547847943], [79.89064570500567, 6.744229851189088], [79.89066355980124, 6.7441406310326535], [79.89067688682331, 6.744051477980878], [79.89069918395192, 6.74396226985771], [79.8907260088424, 6.7438775872004575], [79.89075274829517, 6.74378839109409], [79.8907794877398, 6.743703626296174], [79.89081519727299, 6.743618886964404], [79.89084637903052, 6.743534214722686], [79.890877560777, 6.743449462009959], [79.89091327027036, 6.743364722960901], [79.89091327027036, 6.743351348866369], [79.89094445199311, 6.743284482176813], [79.8909846037842, 6.743199755098886], [79.89102031323405, 6.743119528051216], [79.89106037956127, 6.74303479937412], [79.89109608898035, 6.742954491929008], [79.89112727063824, 6.742869820429134], [79.89115853771425, 6.742785070234958], [79.89118971935001, 6.742695887227674], [79.8912120163485, 6.742611192463341], [79.89123431334136, 6.742521986112614], [79.89126549495025, 6.742437234543471], [79.89130564659469, 6.742357020072607], [79.89134135591415, 6.742276713342361], [79.8913859498286, 6.742196430239192], [79.89142601598914, 6.742116214232067], [79.89147060986063, 6.74203593128445], [79.89151973143619, 6.741955661957373], [79.8915553552399, 6.741875434419154], [79.89159994904578, 6.7417951517041494], [79.89163121595367, 6.741710402705353], [79.89166239742174, 6.741625732591943], [79.89168469430035, 6.7415409584878825], [79.89170699117332, 6.74145183399687], [79.89172928804062, 6.7413626290541355], [79.89174714261611, 6.7412734124673355], [79.89176943947324, 6.741188719351277], [79.89178276632765, 6.741099489458352], [79.89180950545898, 6.741010377282809], [79.89183180230027, 6.74092117290153], [79.89185409913593, 6.740836399644854], [79.8918853659534, 6.740751732327209], [79.89192098960893, 6.740666994514473], [79.89196114095398, 6.740586701312262], [79.89199685000715, 6.740506477008393], [79.89204588586033, 6.7404262074546715], [79.8920815094508, 6.740345900973486], [79.89212610298976, 6.740265700395003], [79.8921662542411, 6.740185407590974], [79.89220640547411, 6.740100683901937], [79.89224202899953, 6.740015946791883], [79.89227329567902, 6.739935711331814], [79.89230891917732, 6.739850974404359], [79.892340185833, 6.739766227612787], [79.8923713670496, 6.739681559704948], [79.89240263368306, 6.739596813105529], [79.8924159604415, 6.739507665774858], [79.89244269938018, 6.739418474956317], [79.89245611156043, 6.73932924907061], [79.89247840823772, 6.739244558222556], [79.89250958940526, 6.739159810360488], [79.89254974048144, 6.739075087812989], [79.89259433378285, 6.73899931942301], [79.89263892706163, 6.73891903965064], [79.89269240479523, 6.738843214273299], [79.89273699802423, 6.738762934647196], [79.89277714899653, 6.7386827239449225], [79.89281285771817, 6.738602421047946], [79.8928530086558, 6.738517699083014], [79.89289307414764, 6.738437406291263], [79.89291981294119, 6.738352728161358], [79.89295107937956, 6.738267983051415], [79.89299123025404, 6.73818326145024], [79.89302241123967, 6.738098514755484], [79.89304470777329, 6.738013825310245], [79.89307588873994, 6.737924647986496], [79.89308930082356, 6.737835504526968], [79.89310271290515, 6.737746280625117], [79.89312048177439, 6.737661578131706], [79.89314277828313, 6.737572377853289], [79.8931740446422, 6.7374876336482], [79.89320522556295, 6.737398456976207], [79.8932364918998, 6.737313712968927], [79.89326323058886, 6.737229036151551], [79.89330329589367, 6.737148744716926], [79.89332559235605, 6.737081860027986], [79.89333456219563, 6.737064000991108], [79.8933701852638, 6.73697934783437], [79.89341033594683, 6.736899058428082], [79.8934549288116, 6.736823211538116], [79.89350849147556, 6.736747470415141], [79.89356196868006, 6.736676077763286], [79.89360656146788, 6.736595800326994], [79.89364671204292, 6.7365155918475885], [79.89368233498456, 6.736430858710565], [79.893709073538, 6.736346102314441], [79.89373589750994, 6.736256917075072], [79.89376263604707, 6.7361722414406024], [79.8937849323929, 6.736083042969879], [79.89380722873308, 6.7359982753105605], [79.8938384094292, 6.735909100399288], [79.89386967554077, 6.7358244386141175], [79.8938964140372, 6.735744113608331], [79.89393656447982, 6.735659394784442], [79.89397218730399, 6.7355791738422965], [79.89401233771197, 6.735494455195391], [79.89404351833532, 6.735409711542903], [79.89407478437393, 6.735324969760025], [79.89410596497511, 6.735240306857171], [79.89412826123385, 6.735151109534909], [79.89414167315687, 6.7350618890135765], [79.89415055748691, 6.734972735739112], [79.8941595272423, 6.734883503801474], [79.89417285373432, 6.734794362420373], [79.8941817380612, 6.734700698336453], [79.89418626565055, 6.734611535671671], [79.89419514997608, 6.7345223830053325], [79.89421300405066, 6.734433174971737], [79.8942353002822, 6.734348409288862], [79.8942620386674, 6.734259305325519], [79.89429321920214, 6.734174563137316], [79.89431107325679, 6.734085355546514], [79.89433336946347, 6.733996159712473], [79.89434233920021, 6.733907009627556], [79.8943556656645, 6.733817788973204], [79.89436463539896, 6.7337286391279045], [79.89436907755282, 6.73363496489742], [79.89438693159205, 6.733545838570378], [79.89442255423364, 6.733469969926888], [79.89449388489945, 6.733407570092936], [79.89456077336338, 6.733345158653225], [79.89461433535335, 6.733273770760674], [79.89465448546797, 6.733193565791239], [79.89468566586346, 6.733108824812932], [79.89469907770142, 6.7330196069275745], [79.89472137380966, 6.732930492962962], [79.89473914235164, 6.732841285161461], [79.89476143844972, 6.73275209086972], [79.89478373454214, 6.732662896691026], [79.89481500031738, 6.732578158107829], [79.89484618065593, 6.732493498402215], [79.8948818885369, 6.732413202089015], [79.89491306885171, 6.732328462014881], [79.8949487767055, 6.73224373542269], [79.89498884124187, 6.7321634492089455], [79.89502899118538, 6.7320787344071125], [79.89506469899206, 6.731998519075283], [79.8951048489009, 6.731918234880418], [79.89514944090581, 6.731837962371772], [79.89518062112569, 6.7317532229338894], [79.89521632887076, 6.731668496967918], [79.8952475090669, 6.731583838273977], [79.89526980503598, 6.731499075921788], [79.89530098521315, 6.731409906472811], [79.89531883906305, 6.731325213281128], [79.89533225080436, 6.731235997658277], [79.89534557711853, 6.73114678038151], [79.89537240059096, 6.731057601550276], [79.89539469652834, 6.730968490016483], [79.89541699246008, 6.730883728405201], [79.89544817258503, 6.730798990076271], [79.89547935269891, 6.730709821492939], [79.89550609070557, 6.730625071774364], [79.89554624041273, 6.7305448695766765], [79.89558194800921, 6.730464575322405], [79.8956220976817, 6.730379862405051], [79.89566216191108, 6.7302995781304045], [79.89569786946046, 6.730214853808143], [79.89572016531527, 6.730130173620801], [79.89575134533263, 6.73004543613982], [79.89578261076358, 6.729956270224947], [79.8958049065969, 6.729871509791384], [79.89582720242454, 6.729782319169076], [79.89585838240392, 6.7296975820895195], [79.895880678218, 6.729608391684774], [79.89590297402643, 6.72952371221635], [79.89592526982919, 6.729434522031704], [79.89595653519825, 6.729349787127721], [79.89598771513172, 6.7292650505484595], [79.89602786461883, 6.72918476921681], [79.8960634865952, 6.729100124934901], [79.89610363604766, 6.729015332979783], [79.89613490135325, 6.728935109328806], [79.89617052328623, 6.728850384771782], [79.89621067268979, 6.728770103861172], [79.89624638001625, 6.7286853812554615], [79.89627755984688, 6.72860515617979], [79.89631770920151, 6.728520364761029], [79.89634888900682, 6.728435709656027], [79.89637562674886, 6.728350962547271], [79.89640689195767, 6.728266228858015], [79.89643807173134, 6.7281814934938575], [79.89647822101263, 6.728096783090325], [79.89650940076098, 6.72801204791592], [79.8965362238781, 6.72792730306487], [79.89657628769065, 6.727842591169351], [79.89661199486852, 6.727762380301385], [79.8966431745694, 6.727677645503591], [79.89668332375696, 6.727597365797708], [79.89671903089135, 6.72751264449199], [79.89676806410964, 6.727432388023706], [79.89680377120958, 6.727352097027565], [79.89685280438059, 6.7272763513877605], [79.8968973954984, 6.727196083610421], [79.89694198659359, 6.727120246028198], [79.89698657766614, 6.727039978400186], [79.8970356107351, 6.726959722376268], [79.89706234826816, 6.726879487575792], [79.89710249726417, 6.7267946980147375], [79.89712479276255, 6.726705511138248], [79.89714708825527, 6.726620835007477], [79.89716494173001, 6.726531636830854], [79.89718723721255, 6.72644245028893], [79.89720953268942, 6.726353263860104], [79.89723182816063, 6.726268588153052], [79.89725412362615, 6.726179401944371], [79.89728530309915, 6.726094668926818], [79.89730759855114, 6.726005482935755], [79.89733886342829, 6.725920751889318], [79.89737004287119, 6.725836019168792], [79.89740122230303, 6.725751286544533], [79.89743248714687, 6.72566655578679], [79.89746810855375, 6.725581834860607], [79.89749937337378, 6.725497104293961], [79.89753055275972, 6.725412372053365], [79.89756181755753, 6.725327722224643], [79.89758855493044, 6.7252429786763495], [79.89761973428472, 6.725158246725803], [79.89765099905078, 6.725073516641582], [79.89767329440996, 6.724984331913089], [79.89770447373418, 6.72489960025959], [79.89773565304732, 6.724814868702364], [79.89776691777213, 6.724730139011353], [79.89779809706313, 6.724645407646651], [79.89782936176572, 6.7245562481978025], [79.8978560990572, 6.724476016032432], [79.89788727831652, 6.724391284957795], [79.89792742693554, 6.7243065787196725], [79.89795860616955, 6.72424858849926], [79.89796313356426, 6.72422629101702], [79.89801216608818, 6.724146037844358], [79.89804778726001, 6.72406574853357], [79.89809237777128, 6.723985484034475], [79.89813252629655, 6.723905208134494], [79.89817711676481, 6.723824943791276], [79.89822170721044, 6.723749189967371], [79.89827073959003, 6.7236689372472425], [79.89830644607922, 6.72358865018432], [79.89834659450665, 6.723503944792056], [79.89837777359189, 6.723423644659467], [79.8984000687666, 6.723334461931197], [79.89841348003756, 6.723245256381906], [79.89843133325495, 6.723156142959606], [79.89845362841608, 6.723066960574559], [79.89847592357154, 6.722977778302636], [79.89850710261086, 6.722893048909782], [79.89854280900398, 6.7228127626800855], [79.89858287190144, 6.722732486223073], [79.89862746214109, 6.72265222307308], [79.89866761042181, 6.7225719485441], [79.89871220061846, 6.722491685550009], [79.89874346499572, 6.72240695846134], [79.898779085871, 6.722322241151842], [79.89881035022444, 6.722237514254313], [79.89885049842155, 6.722152810351537], [79.89888167732795, 6.722068081874737], [79.89890397237475, 6.721983330601159], [79.89892626741592, 6.721894149651107], [79.89893967860652, 6.721805026467508], [79.89894856245142, 6.721715809648969], [79.8989574462954, 6.721626592951113], [79.89896197363863, 6.721537447243265], [79.89898871058537, 6.721448278313766], [79.89901544752396, 6.721363539236542], [79.8990466263718, 6.721278811694819], [79.89907789063002, 6.721194086018165], [79.89910906945569, 6.721104928943782], [79.89914033369168, 6.721020203465173], [79.89917595440602, 6.720935487745126], [79.8992072186182, 6.720855192166393], [79.89925180854092, 6.720774930957998], [79.8993052822498, 6.720703632618599], [79.89935875592614, 6.720632253791825], [79.89943016800542, 6.720565353941268], [79.89949261081665, 6.720502939737496], [79.89955052627083, 6.720440512375211], [79.89962185277328, 6.7203736108537], [79.89967985356311, 6.720311185326961], [79.89974229619683, 6.720244341577725], [79.89980473878614, 6.720172987658852], [79.8998582121584, 6.7201016091912456], [79.89991168549811, 6.720030311315608], [79.89996968609654, 6.71995894613232], [79.90002324478891, 6.719887569589523], [79.90007227616286, 6.7198117502766275], [79.90012574937224, 6.7197359424347], [79.90016145510732, 6.719655739936645], [79.90020604454561, 6.719579909421493], [79.90025507581751, 6.719499660748833], [79.90029966520825, 6.71942383037192], [79.90035313827919, 6.719348022860984], [79.90039772762015, 6.71927219261617], [79.9004512860515, 6.719196386999549], [79.90049587534261, 6.719120637425055], [79.90054490645272, 6.7190403891746096], [79.90058949569632, 6.718960129606499], [79.90062520124287, 6.718879847334425], [79.90065637951928, 6.718795122405217], [79.90067423228076, 6.718705933831479], [79.90068764320448, 6.718616733986723], [79.90070541053976, 6.718527543878006], [79.90072770512363, 6.718442796595883], [79.90075896878346, 6.718353644395613], [79.90078570518317, 6.718268908701272], [79.90081244157473, 6.718184173105927], [79.90083473613144, 6.7180949966944645], [79.9008570306825, 6.718005820396161], [79.9008704415783, 6.717916621458417], [79.90088829429628, 6.71782751455072], [79.90090161976764, 6.717738314080642], [79.9009239143017, 6.717653567747713], [79.90094620883012, 6.717564392015802], [79.90097747241215, 6.717479670398998], [79.90099976692697, 6.717394924373893], [79.9010399141233, 6.717310225686848], [79.90107109225247, 6.7172210731134205], [79.90110227037054, 6.717136350119992], [79.90112456485369, 6.717051604496702], [79.90113797570862, 6.716962406790231], [79.9011602701827, 6.7168732319233175], [79.90118256465111, 6.716788486618592], [79.90121374272964, 6.716699334688003], [79.90125388982813, 6.716619066221004], [79.90129847871175, 6.716543238622538], [79.90139218362904, 6.716422844328171], [79.90106220862226, 6.71533927496038], [79.90126730066332, 6.715357127320372], [79.90168201051154, 6.715459687990376], [79.90201642495653, 6.715647001042685], [79.90234195462725, 6.7159011357032945], [79.90263177837497, 6.716155338420966], [79.90272539645157, 6.716248923642851], [79.90288598197097, 6.716431758183423], [79.90317580392298, 6.716810793958846], [79.90318468733935, 6.7168286150728935], [79.9034031849321, 6.717167520805357], [79.90346562491833, 6.717296865410712], [79.90359494644487, 6.717568855452635], [79.90374656159835, 6.717925550090794], [79.903871441038, 6.718273398473903], [79.90389373481804, 6.718416089783267], [79.90392935360431, 6.718639031660902], [79.90396061612422, 6.719098346206499], [79.90394720570038, 6.719504066969946], [79.90393832236116, 6.719941052952462], [79.90388476605663, 6.72036471421913], [79.90384017848633, 6.720766012289438], [79.90376885541012, 6.72120300316926], [79.90370197395787, 6.721675688437564], [79.90361724029513, 6.722157269921416], [79.90355035872739, 6.722513979570486], [79.90346562491833, 6.723008937254066], [79.90339874323509, 6.72338796211713], [79.903318450981, 6.723860626661514], [79.903318450981, 6.7238918780749914], [79.90324268577605, 6.724364559335298], [79.90317580392298, 6.724801504330143], [79.90309995317739, 6.7251582031846535], [79.90301521893366, 6.725639809334667], [79.90298404149478, 6.725813709275733], [79.90294833690733, 6.726085703336346], [79.90287701310663, 6.726500416706644], [79.90275665940018, 6.726995390506514], [79.90266295593894, 6.727468043939671], [79.90257377953473, 6.727891659025705], [79.90246675064651, 6.728315309545971], [79.90237313229413, 6.728729977168863], [79.90223492545645, 6.729211547469092], [79.90214574861754, 6.729626231899708], [79.90201642495653, 6.730063285793392], [79.90194510039886, 6.73046457078058], [79.90183807074435, 6.730892667245796], [79.90174889350241, 6.731244932419637], [79.90165527438471, 6.731637303870318], [79.90157498053635, 6.731994026366213], [79.90149024482103, 6.73236862240505], [79.90146795043073, 6.7324399348771795], [79.9013743310135, 6.73285462699085], [79.90127618427277, 6.733269308245311], [79.90117812284177, 6.733715249787342], [79.90105323957164, 6.734143318035334], [79.90091503065662, 6.734558062049416], [79.90090161976764, 6.7345892014477755], [79.90079458884134, 6.734990577594441], [79.90067423228076, 6.735396351978072], [79.90054490645272, 6.735797672917408], [79.90040669673772, 6.736265837564298], [79.90025507581751, 6.736738560598843], [79.90009901277162, 6.7371978213866175], [79.89997856983724, 6.737576859963198], [79.89980918066496, 6.737991540309828], [79.89971103217509, 6.738259064052232], [79.89964867494005, 6.7384151886209995], [79.89952823138813, 6.738758463523802], [79.89938557817325, 6.739106273878756], [79.89935875592614, 6.739177660113845], [79.89919380746842, 6.739623539091459], [79.89899315250544, 6.740114037132813], [79.89883264528936, 6.740448512015613], [79.89866761042181, 6.740863217905251], [79.89849821872134, 6.741264542218492], [79.8984000687666, 6.741483012818839], [79.89832429931836, 6.741652481152822], [79.89814149564542, 6.742058203867865], [79.89796313356426, 6.742410524336773], [79.89775794838499, 6.742816269410314], [79.89750825736432, 6.743239864235878], [79.89729427253454, 6.7436278666448475], [79.89704005275395, 6.7440291343814405], [79.89677250614201, 6.744443823815331], [79.8966387325305, 6.744662368446883], [79.89655851952017, 6.744787195990452], [79.89636230059091, 6.745099355277187], [79.89609475191507, 6.745522993057909], [79.8958985319501, 6.745888573579934], [79.89568445777495, 6.746316710952827], [79.89550609070557, 6.746717956769107], [79.89539469652834, 6.747132683077647], [79.89532328116867, 6.7474849932802945], [79.89523862484776, 6.747921954398828], [79.89523862484776, 6.747993262026253], [79.89521632887076, 6.748385676602039], [79.89520291711176, 6.748795924162401], [79.89520291711176, 6.749224018673997], [79.8952475090669, 6.749638701114471], [79.89529210099941, 6.750129208644734], [79.89529210099941, 6.750548368178895], [79.89529210099941, 6.7505661756711115], [79.8951940328881, 6.751052272120846], [79.8951895053507, 6.751065634368918], [79.89506469899206, 6.751417901979438], [79.89476588058352, 6.751796928511682], [79.8944538201374, 6.751993089742082], [79.89407478437393, 6.752287371999191], [79.89373589750994, 6.752621812918437], [79.89347278303654, 6.752956300864443], [79.89315619035656, 6.753437863316241], [79.89295107937956, 6.753848098567704], [79.89277714899653, 6.754343031137973], [79.89267907807871, 6.754873713196565], [79.89260774593996, 6.755261600179517], [79.89258544929548, 6.755609413304543], [79.89257203713497, 6.7557789219422855], [79.89254974048144, 6.756171300418512], [79.89254974048144, 6.7566751903189335], [79.89257203713497, 6.757045294703885], [79.89262551490927, 6.757526855201361], [79.89269240479523, 6.757963812615553], [79.89280841548566, 6.758436529145624], [79.89286633534596, 6.75864161944459], [79.89291981294119, 6.7588512113638775], [79.89305811986166, 6.759265893023364], [79.89320966777541, 6.759702934628588], [79.89338803950596, 6.7601844592306], [79.89352626026277, 6.7605769060287635], [79.89366900841816, 6.760955910767417], [79.89379825894173, 6.761370579960953], [79.89380722873308, 6.761450873617191], [79.89385182139645, 6.761852176946606], [79.8938295250676, 6.762244593834612], [79.89375366625119, 6.762690457377291], [79.8936288578533, 6.76309178361806], [79.89347278303654, 6.763506483454065], [79.89329441147798, 6.763840933395731], [79.89303582333146, 6.764184270033332], [79.89274596792389, 6.764563303847889], [79.89241151818892, 6.764964620432565], [79.8921662542411, 6.765223291978273], [79.89215736971047, 6.76524107932813], [79.89185409913593, 6.7655934021484745], [79.89156432526015, 6.765914414210149], [79.89138142209501, 6.766110637475104], [79.89126549495025, 6.766235480082232], [79.89096674905383, 6.7665476024461935], [79.89061008083333, 6.766913242275298], [79.89022658613106, 6.76729226677095], [79.88999917101759, 6.7675509129644755], [79.88995457639967, 6.76760889904277], [79.8896958929975, 6.767898729554648], [79.88943285186194, 6.768242067507556], [79.88919202201913, 6.768549762186444], [79.88896016180266, 6.768835158021893], [79.88871044578616, 6.7691472631914795], [79.88842066154855, 6.769490611436572], [79.88826013502238, 6.769686824550664], [79.88810849314387, 6.769869682769569], [79.88778743865873, 6.770244217569137], [79.8875198638815, 6.770542977492972], [79.8872389607489, 6.770877407860589], [79.88702495091705, 6.771185106431084], [79.8868198256353, 6.771515076387558], [79.88668603687638, 6.771876279611889], [79.8866726238159, 6.771907434234234], [79.88658795916393, 6.772308757594677], [79.88659684425737, 6.772736863112217], [79.88668159433429, 6.7731470502533755], [79.88676625889612, 6.773597459862716], [79.8868198256353, 6.773918497553433], [79.8868956050017, 6.7740166450403585], [79.88707843206556, 6.7742663094821545], [79.88729244176726, 6.774516062316683], [79.88745297005995, 6.774698844077652], [79.88767150677508, 6.774881709936718], [79.88787218758827, 6.7750511451650866], [79.88790337038957, 6.775073399128261], [79.8881530886981, 6.77526513962787], [79.8884339889106, 6.7754702681874726], [79.8886569656302, 6.775639687496965], [79.88890668179859, 6.775795801548065], [79.88896016180266, 6.7758403662891284], [79.8891385421561, 6.775965246294081], [79.88941943922042, 6.776148049113091], [79.88963352865524, 6.776272950434454], [79.88984753213832, 6.776371007679656], [79.89015072420517, 6.776518165043469], [79.89046288535906, 6.776643020319103], [79.8907794877398, 6.776754506921178], [79.89102919787962, 6.776816956201625], [79.8913948344372, 6.776892709565714], [79.89178276632765, 6.776937329730346], [79.89211277618739, 6.776955186498572], [79.89239366374836, 6.776986365464328], [79.89270137469943, 6.776981910862163], [79.89306700430126, 6.776990837911872], [79.89311159734022, 6.776990802037903], [79.89342374797941, 6.776999740310663], [79.89377596259928, 6.776995327825216], [79.8940658146099, 6.777013150711452], [79.89438693159205, 6.777008652539039], [79.8946232196356, 6.777008670129], [79.89474358448658, 6.777004170784479], [79.89498884124187, 6.776981885242117], [79.89530995485111, 6.776928375306014], [79.89566668942412, 6.776870449879052], [79.89595653519825, 6.776794602328173], [79.89629541349832, 6.776709943934613], [79.89662087894881, 6.776602918040093], [79.89697316617735, 6.776460177398845], [79.89726300764151, 6.776330884475972], [79.89749040395932, 6.776201577587851], [79.89782039238497, 6.776014277522826], [79.89804778726, 6.775849260597148], [79.89835547841152, 6.775661978827515], [79.8984669542568, 6.7755683806216185], [79.89853828163915, 6.775510379814848], [79.89875679079246, 6.77529189526842], [79.89899315250544, 6.77503331815026], [79.89921610243601, 6.774779137033916], [79.89942119878813, 6.774511606073417], [79.89956837925712, 6.774243995904517], [79.89970214840733, 6.773989890646538], [79.89972888512877, 6.773940794330586], [79.89987162320674, 6.773575155801899], [79.9000410122586, 6.773205077417316], [79.90024619210477, 6.772817127366967], [79.9004512860515, 6.772473752290683], [79.90078570518317, 6.77204569978746], [79.90105323957164, 6.771746914700952], [79.90131188954014, 6.77146156733027], [79.90160171668762, 6.771185092442018], [79.90192280612403, 6.770877431390939], [79.90231521870136, 6.770542966182205], [79.90261836774816, 6.770257582116761], [79.9030375129311, 6.769914244976886], [79.903318450981, 6.769664509245252], [79.90368856349451, 6.769365772380743], [79.90407652651756, 6.769053625065006], [79.90450463343835, 6.768759321836994], [79.90484792038079, 6.768540870867272], [79.9053027585641, 6.7682867003467795], [79.90549451592764, 6.768188573660982], [79.90562383446547, 6.768117195330241], [79.905771004538, 6.7680414334362675], [79.9059983788254, 6.7679209967619425], [79.90619457622512, 6.767903160583366], [79.90631056908319, 6.767729302425519], [79.90665384896312, 6.76756872285557], [79.90704179888095, 6.767408186975525], [79.90746989133997, 6.767305632786614], [79.90785783765067, 6.767211994689095], [79.90828148467921, 6.767136187039904], [79.90848655985498, 6.767069368077709], [79.90862928369488, 6.767011325648032], [79.90881206553269, 6.766953391953337], [79.90899049098749, 6.7668865014117685], [79.90917327207289, 6.766815187879602], [79.90936502097992, 6.766743819214716], [79.9095701790347, 6.766663541239139], [79.9097217838669, 6.76659222318358], [79.90993582382062, 6.766498589168645], [79.91013201241775, 6.76641828544764], [79.91056008980159, 6.76620869082138], [79.91088114646882, 6.766039263671925], [79.91121552586681, 6.76583859930888], [79.91122449387909, 6.7658296782243985], [79.91163471540372, 6.765579976045226], [79.9119423589361, 6.765383752464748], [79.91226785179313, 6.76517863153908], [79.91261127918436, 6.764924476821962], [79.91292780172208, 6.764710464819141], [79.91324440852529, 6.7644696960438235], [79.91356545536836, 6.764228858732289], [79.91391776000903, 6.763943537183852], [79.91422095438499, 6.763675973703594], [79.91453755652026, 6.763390555218998], [79.91487200738615, 6.763091807070039], [79.91522430677838, 6.762784162138263], [79.91559436907647, 6.762463105266247], [79.91592437484893, 6.762208916792781], [79.91630340168567, 6.761928022989517], [79.91674033099495, 6.7615043899137754], [79.91696332124779, 6.7612546673834295], [79.91715949412655, 6.761009384807632], [79.91732893521491, 6.760724055818789], [79.9174360313791, 6.760518912633282], [79.91757421427482, 6.760255824272907], [79.91758762261591, 6.7602112121385165], [79.91765449348382, 6.7600061207181605], [79.91777038578674, 6.759685027141177], [79.91785510578156, 6.759448715668461], [79.917962201303, 6.759221332184733], [79.91810482432223, 6.758993881713227], [79.91823420967488, 6.758788803184705], [79.91838135859304, 6.758561367288937], [79.9184259387737, 6.758275950777971], [79.91843482064607, 6.75799954532298], [79.91832781110469, 6.7576651255510125], [79.9181762211477, 6.757281588476447], [79.91807365224503, 6.757063072904714], [79.91795323397967, 6.756826779985708], [79.91773033164779, 6.756443298339102], [79.91751178432851, 6.756095449429075], [79.91723089172184, 6.7556852218186725], [79.91709706388492, 6.7554756531439875], [79.91691429931055, 6.75522147092741], [79.91674929844234, 6.75496290423677], [79.91661999630274, 6.75475327115725], [79.9164728444284, 6.754521429183291], [79.91629896064164, 6.754240520110052], [79.91617409888852, 6.753995282504969], [79.91610714148668, 6.753732149842236], [79.91610714148668, 6.753397721223006], [79.91612055005211, 6.75308557240507], [79.9161918630886, 6.7527332878331405], [79.91632125126421, 6.752367705882399], [79.91635242396444, 6.7523052561158], [79.91643714532938, 6.752095644596016], [79.91654859820999, 6.751841462097745], [79.91667345942982, 6.751618583205532], [79.91677158895044, 6.751417874248374], [79.9169767296823, 6.751012129620994], [79.91710603129583, 6.75071778844637], [79.91725762310321, 6.750454693192603], [79.91739589168377, 6.750227342048255], [79.91753407464276, 6.75003552596406], [79.9176767837618, 6.749857180630405], [79.91792206184857, 6.74962085105351], [79.91816725384626, 6.749451401869185], [79.91847940079955, 6.749308724937271], [79.91880939571342, 6.749215088691666], [79.91910369137183, 6.749130381101329], [79.91938910426747, 6.749076834713689], [79.91964770018795, 6.749045616527133], [79.91999998039108, 6.749009975951894], [79.92022740319806, 6.749014452375268], [79.92059300355223, 6.749001086069462], [79.92094527995609, 6.748996629229322], [79.92097653641225, 6.749005496836482], [79.92125741701689, 6.749018898027065], [79.92139567928855, 6.749027809644461], [79.9214938035232, 6.74904120695438], [79.92179253093458, 6.749027822373624], [79.92233208232352, 6.749027813116791], [79.92271560757295, 6.749005550060214], [79.92309460504602, 6.748938631501459], [79.92348700831852, 6.748800434805382], [79.92391057984608, 6.748617597787001], [79.92434755663298, 6.748448092499908], [79.92476676878182, 6.748274189497145], [79.92523943682696, 6.74809140253129], [79.92570313579154, 6.74796652751211], [79.92610893441851, 6.747886301804506], [79.9264745956284, 6.747863986628973], [79.9269249665388, 6.747846166762904], [79.92714793087846, 6.7478461147433695], [79.9273084716831, 6.74784613859831], [79.92738421609887, 6.747846177563532], [79.92776327876926, 6.747846137522085], [79.92819135545568, 6.7478595224389135], [79.92861943004976, 6.747872906950819], [79.9291143646743, 6.747895170727663], [79.92961826263216, 6.747944211526169], [79.9300686173771, 6.747988838586944], [79.93043426205529, 6.748051291294707], [79.93052793584322, 6.748042353876398], [79.93096940530874, 6.748051259806714], [79.9312056802185, 6.748055752580597], [79.93165602679888, 6.748042359555146], [79.93212874305341, 6.748028946028365], [79.93240523306116, 6.748024520974357], [79.93263262366389, 6.748028990122988], [79.93292243268603, 6.748033462942769], [79.93321232613692, 6.7480289927438575], [79.93369391431318, 6.7480423534078176], [79.93414868823302, 6.748095852185473], [79.93441629160958, 6.74812258838291], [79.93465255721637, 6.748131511329543], [79.93490675336407, 6.748158291944875], [79.93517426903661, 6.748185026013878], [79.9356558464181, 6.748243027533483], [79.936132981111, 6.7482875599863785], [79.93640057842042, 6.748292054377481], [79.93668149494525, 6.748301014768881], [79.9367750766633, 6.748300938193052], [79.93685986366268, 6.748305433869867], [79.93711849338794, 6.7483188480537715], [79.93747070332289, 6.74832775329783], [79.9378720928439, 6.748350005899854], [79.9380548990757, 6.748376757486576], [79.93823326499349, 6.748399065588343], [79.93834025021636, 6.748412481953091], [79.93846960567824, 6.748407988450501], [79.9386969805249, 6.748479339050734], [79.93912508912815, 6.748559600368296], [79.93937474702744, 6.748622064652125], [79.93976716272324, 6.748733498196913], [79.94013285226688, 6.748845023186604], [79.94038250729018, 6.74895648295434], [79.94071250505627, 6.749063481834556], [79.94114504358053, 6.7492016949336255], [79.94154189109913, 6.7492150680042595], [79.94194770168457, 6.749192765849926], [79.94232226156171, 6.74915708392816], [79.94278595541722, 6.749134850932555], [79.94322300874488, 6.749139303911934], [79.94360200281982, 6.749152628023917], [79.94412818628344, 6.74917496148868], [79.94464992697445, 6.749290923923019], [79.94500663154936, 6.749429097315675], [79.94538117832445, 6.7496253401993265], [79.94573344036476, 6.749843848109756], [79.9461882370753, 6.750191645730114], [79.94648705097173, 6.750481498345703], [79.94673224835469, 6.750873879582924], [79.94691512144256, 6.751297451084943], [79.94707562598504, 6.7517345047669375], [79.947218286956, 6.752113489877101], [79.94735659359966, 6.752483602976278], [79.9474501638962, 6.752849246393032], [79.9475393800072, 6.753263962814225], [79.94762407119771, 6.753749993148444], [79.94769100449989, 6.754173603231018], [79.94771772658197, 6.754655216877097], [79.94772216603252, 6.755105585912004], [79.94774000920648, 6.75560056273335], [79.94777125609565, 6.755988468220959], [79.94783810391121, 6.756380901426311], [79.94796744532486, 6.756795586495708], [79.94813691216795, 6.757138890941053], [79.94838662971327, 6.7575090059841445], [79.94869875429836, 6.757834556079622], [79.94897519193614, 6.758119875911978], [79.94920262484047, 6.758432069312854], [79.94945677870338, 6.758788744462859], [79.94963068201238, 6.759109827207265], [79.94981354903624, 6.7594576148661165], [79.9501435112087, 6.759965945387097], [79.95033969511289, 6.76022906073413], [79.95080343181606, 6.760710669604672], [79.95097289316007, 6.760955905526818], [79.95114679345205, 6.761165447041258], [79.95136978143982, 6.76136617283167], [79.95160608661898, 6.761473192252608], [79.95180670648264, 6.761513297478895], [79.95240873404873, 6.761428562151339], [79.95270744130846, 6.761201162699802], [79.9529883908171, 6.760960338070671], [79.95326933942223, 6.760728460653612], [79.9535814465672, 6.760492150936043], [79.95398720126225, 6.760260279488606], [79.9543617949188, 6.760086360193358], [79.95471410612855, 6.759921409719775], [79.95481219300433, 6.75987677240517], [79.95510645297082, 6.7597430215723815], [79.9553294308521, 6.75965833185506], [79.9557708604994, 6.759484425358074], [79.95601611719856, 6.759372953367843], [79.95623909275754, 6.759283749564609], [79.95651106753472, 6.759185646044857], [79.95673404183007, 6.7591009556644925], [79.95699269812867, 6.759016197754682], [79.95725126829645, 6.758940384612998], [79.9574876429302, 6.7588735422263975], [79.95775517487849, 6.75880218610093], [79.95802270600716, 6.75873526282617], [79.95851773033424, 6.758654992710304], [79.9587941369027, 6.758637177276159], [79.95903938511117, 6.758610414996075], [79.95933371619711, 6.758583701005305], [79.95959680364234, 6.758565851216347], [79.95990001051284, 6.758525698902831], [79.96016753506974, 6.75850785994596], [79.96047970292442, 6.758490057869603], [79.96077846794174, 6.758476653126927], [79.96101927180152, 6.758458824992336], [79.96131803497224, 6.758463232685006], [79.96160783427085, 6.758445450614464], [79.96184419711012, 6.758449856678195], [79.96215635896905, 6.758481139462347], [79.9623926349633, 6.758521249931557], [79.96268251605362, 6.758561340783486], [79.96296787214654, 6.758623825824663], [79.96321310862962, 6.7586639602882075], [79.96350742564316, 6.758717441993813], [79.9638151429211, 6.758793205189802], [79.96406481564334, 6.758842297517766], [79.96436356838933, 6.758940363372721], [79.96461323954253, 6.759016215712391], [79.96488971216725, 6.759114304573023], [79.96513946717211, 6.7592257852977], [79.96556753158929, 6.759439773627147], [79.96578160568859, 6.7595601894501005], [79.96616502576893, 6.759774222983062], [79.96651285085353, 6.759979380165566], [79.96681159521803, 6.760135402165758], [79.96713270159141, 6.760349438898157], [79.96749836195536, 6.760590272198645], [79.96797096973029, 6.7608578225113956], [79.96817163734654, 6.76092911710429], [79.96834558873906, 6.760996070774777], [79.96876467531116, 6.76111194374272], [79.9693309937836, 6.761183303740835], [79.96986606960706, 6.761187758739903], [79.97032987330384, 6.761138748205356], [79.97085598109963, 6.761049512950802], [79.971395571165, 6.760933633138749], [79.97193063432178, 6.760857801014491], [79.97204662540737, 6.760848913960637], [79.97234978901723, 6.760835513053393], [79.97275562716597, 6.7608444666010366], [79.97324160626192, 6.760857816975457], [79.9736117644971, 6.760857810408722], [79.9740353492236, 6.760782008803533], [79.97442777990213, 6.760599161913596], [79.97481568539398, 6.760380673830148], [79.97527946276384, 6.760104185459337], [79.97559157654625, 6.759912504661106], [79.9760419504118, 6.759671689679025], [79.97652355854834, 6.759453202790321], [79.97701847790661, 6.759270376405961], [79.97737965887532, 6.7591321024428455], [79.97779887271638, 6.7590518537433555], [79.9781734495016, 6.759056366314268], [79.9785836130752, 6.759078621383473], [79.9790206579046, 6.759136575461483], [79.97944421634578, 6.759252528972355], [79.97987229588608, 6.759390742683245], [79.98031820983749, 6.759586958685857], [79.98046986273211, 6.759671664588611], [79.98067493935547, 6.75984557739885], [79.98088010083774, 6.7599971642972845], [79.98104950377737, 6.760153252654057], [79.98123239030917, 6.760327192437208], [79.98139735482631, 6.760505518546274], [79.98153108423925, 6.760648216165464], [79.98170500897591, 6.760844462285669], [79.98200378662607, 6.761196686573351], [79.98216874968247, 6.761383963198081], [79.98249876019815, 6.761709509347598], [79.98262805024554, 6.761825436578042], [79.98284208245663, 6.762008247361972], [79.98303827818813, 6.762137568044081], [79.98344406656551, 6.762329338175812], [79.98369376842135, 6.762405110416914], [79.98418429479464, 6.762543332093206], [79.98448306394066, 6.762592387484133], [79.98475059842438, 6.7626324947780185], [79.98493339184785, 6.76265924395271], [79.98509834935584, 6.762686027827402], [79.9853971153661, 6.762739516555042], [79.98574051153652, 6.762770791201536], [79.98603031500444, 6.762775243808791], [79.98637370867787, 6.762784107884167], [79.98672597592973, 6.762779692715203], [79.9869846286174, 6.762739567933535], [79.98729670046788, 6.762686035693471], [79.98758658409146, 6.762623580845287], [79.98783183665955, 6.7625522237986395], [79.98813059329085, 6.762440778390846], [79.98838924180573, 6.762342692566567], [79.98870130862149, 6.762249014351239], [79.98901345965223, 6.762159851907312], [79.98927210554406, 6.7621197254234575], [79.98960208914094, 6.762106383264282], [79.98986073328379, 6.762110834741092], [79.9903111187098, 6.762249028818536], [79.99069903880965, 6.762463080121345], [79.99089077958435, 6.7626057717430985], [79.9911805659082, 6.762908972666024], [79.99132332542382, 6.7630962818206575], [79.99157744190212, 6.763448568774907], [79.99180041186109, 6.763854307503747], [79.9919208136948, 6.764072840077004], [79.99214378277404, 6.7646078906145135], [79.99229985225656, 6.7649913771785375], [79.99240685654047, 6.765258974869461], [79.99250942352162, 6.765477467193291], [79.9926298243744, 6.765744940634807], [79.99275909937813, 6.765999135419115], [79.99304009052253, 6.766409395784127], [79.99333882927735, 6.766734892411652], [79.99335666312086, 6.766748240185548], [79.99353943847396, 6.766913251038361], [79.99388723962608, 6.767176316332592], [79.99429306276542, 6.767403737676376], [79.99452046283497, 6.76754645337503], [79.99473002875182, 6.767662357893957], [79.99497082414541, 6.767818491929355], [79.99533645301344, 6.768135058822973], [79.99562187284708, 6.768362497708787], [79.99593399905513, 6.768594358772704], [79.99625508343078, 6.7688262445572525], [79.99662966615016, 6.769066975590293], [79.9967946014921, 6.769178495236271], [79.99706218346125, 6.769343490889768], [79.99736090840527, 6.769539686095151], [79.99765971764853, 6.769749267225205], [79.99800306543729, 6.769967750435382], [79.99833745279848, 6.770208543639374], [79.99855596857037, 6.770400264237962], [79.99864069554546, 6.770462723587978], [79.99897960262037, 6.770685633041097], [79.99938087985863, 6.770890803554965], [79.9997420533869, 6.77096211507739], [80.00015228599298, 6.771011138566811], [80.0005580799031, 6.771055797054502], [80.00100849527416, 6.771060257315988], [80.00135182984134, 6.7710602493294605], [80.00176205485265, 6.7710602511171905], [80.00219010996078, 6.771109237987296], [80.00255579379942, 6.771189510269977], [80.00296601312981, 6.771354553121801], [80.00334056694261, 6.771573041492083], [80.00368389230007, 6.771769197528013], [80.00400494806124, 6.772014480547391], [80.00432600263659, 6.772304351911144], [80.00456233490398, 6.772611988320538], [80.00462922449765, 6.772857270208723], [80.00466045099951, 6.772982083042397], [80.00478535689481, 6.773432475532711], [80.00495923515783, 6.773820426546812], [80.00513311307299, 6.7741192029255926], [80.00511971817237, 6.774431289315627], [80.00511971817235, 6.774721157644729], [80.00510188674093, 6.774984212020795], [80.00507961877598, 6.775340950715282], [80.00508857715336, 6.775572872250065], [80.00508857715336, 6.775916205158879], [80.00509745021196, 6.776250611595411], [80.00511971817235, 6.776482488770603], [80.00518217081243, 6.7767232600119875], [80.00529368108413, 6.776986332702327], [80.00546312181991, 6.777249474070336], [80.00563699872698, 6.777476906478305], [80.0058287918893, 6.777681970762239], [80.00609626073947, 6.777900452088881], [80.00630144760879, 6.77802532026517], [80.006591267904, 6.778172498692647], [80.00683646689262, 6.7782706162933755], [80.00712637071936, 6.778386510218952], [80.0073983573031, 6.778484616880357], [80.00775062473419, 6.778587203804502], [80.00802713105854, 6.778662987029052], [80.00837043790231, 6.778796756847502], [80.00869591269564, 6.778957333463821], [80.00902590791233, 6.7791713053115705], [80.00931580443402, 6.779421059628146], [80.0095609957341, 6.779661828131065], [80.00977948329282, 6.779911561654499], [80.00994900059452, 6.780130045440968], [80.01010060184684, 6.780370819780903], [80.0102388087231, 6.780620511485056], [80.01033691840922, 6.78085244182129], [80.01043050641523, 6.7811021012290364], [80.01049739149175, 6.781342904233476], [80.01055096776591, 6.781677380151175], [80.01063568304916, 6.782034113010381], [80.01066690739253, 6.7822971661442875], [80.01071144045302, 6.782542431449825], [80.0107872831031, 6.7829214048414785], [80.01087199815589, 6.783206856565899], [80.0109656708975, 6.783483301374568], [80.01106821598701, 6.783732995757456], [80.0112019851065, 6.78397382029146], [80.01135358417208, 6.784236868882022], [80.01152744929131, 6.78446876596152], [80.01169696318188, 6.7846604935048465], [80.01191544536813, 6.784838878567048], [80.01194666925149, 6.78486557212855], [80.01221420457863, 6.7850573101368274], [80.01225430068229, 6.785079670950807], [80.01257984623439, 6.785249059600574], [80.01279389006375, 6.785329369766589], [80.0130614227811, 6.785405139851209], [80.01336461415649, 6.785449710658834], [80.01380165489826, 6.785489868958294], [80.01381052706701, 6.785489890949865], [80.01406918451102, 6.7855121701282854], [80.01431444770161, 6.785587963924352], [80.0145819757345, 6.785690508633629], [80.01493873536835, 6.785904577080625], [80.01516164541414, 6.786176609141061], [80.01522852684707, 6.786408482497174], [80.0152597495392, 6.786707203465807], [80.01522852684707, 6.786983667075859], [80.01509032791104, 6.787282438944538], [80.0149476074209, 6.787478613112271], [80.0146934739411, 6.787737247185204], [80.01439472325977, 6.787982539736305], [80.01421182113606, 6.788120784602827], [80.0139175901856, 6.788357057623119], [80.0137079852153, 6.788522091349468], [80.01362770902229, 6.788785127324662], [80.01380165489826, 6.788945669081919], [80.01405135491642, 6.789079468499812], [80.01429661815736, 6.789146316563738], [80.01457301833602, 6.789190903180159], [80.01480045066272, 6.789208749853664], [80.01506797719824, 6.789253394881173], [80.01540246951625, 6.789306843755881], [80.01567886617468, 6.789360382356753], [80.01592412481845, 6.789404970274018], [80.01619616916102, 6.789458499501774], [80.01645481949832, 6.789547642163658], [80.01646369139596, 6.789547664196076], [80.01675356309114, 6.789601158536103], [80.01706126279862, 6.789676958716471], [80.0173555684016, 6.7897304639417575], [80.01769440248624, 6.789775049555565], [80.01792182663611, 6.789806283570899], [80.0181670789432, 6.7898374826308885], [80.01843459510432, 6.78987761020371], [80.01867097429144, 6.789944516475863], [80.01891178865841, 6.789989092776416], [80.01914364543036, 6.790064938832275], [80.01949142942692, 6.790118419381233], [80.01981251206583, 6.790229902850475], [80.02025395610319, 6.790314595641897], [80.02057503592094, 6.790368169513424], [80.02082915218215, 6.790443911017149], [80.02113240173145, 6.790506391720621], [80.02137764496602, 6.790595580627942], [80.02160505946435, 6.790662463241753], [80.02182803769233, 6.790751595672833], [80.02207327896082, 6.790849737555802], [80.02228729938315, 6.79092553839355], [80.022568195055, 6.791050388089176], [80.02281343423147, 6.791170791350306], [80.02305423710308, 6.79129118388356], [80.0233440867862, 6.791460580188365], [80.02361167228788, 6.791638953936789], [80.02384351650214, 6.791795054663867], [80.02407988095545, 6.791942215639887], [80.0242938964278, 6.792053668205483], [80.02457478560282, 6.792182956410043], [80.0248735865419, 6.792330117569437], [80.02517682195504, 6.792481726226839], [80.02549788355493, 6.7926600786987], [80.02580103148806, 6.792883069166867], [80.02610878441176, 6.79318624996972], [80.02635401357891, 6.7935029016951765], [80.02657245887224, 6.793823922265524], [80.02678655349112, 6.794140499188563], [80.02696047299366, 6.794448181955612], [80.02711647994074, 6.794742509942826], [80.02725918041803, 6.795027933801392], [80.02735283547514, 6.795335576501698], [80.02745092581814, 6.795549582891444], [80.02753562460767, 6.795870675290356], [80.02760258179964, 6.796147118867217], [80.02773189006483, 6.796361127972007], [80.02792363441974, 6.796566264327148], [80.0280974663466, 6.7967357005923486], [80.02828033920463, 6.796869509351607], [80.02855678013893, 6.796998798581395], [80.02889122046146, 6.797132593685712], [80.02911417995983, 6.79723069056272], [80.02937279178913, 6.797351061729373], [80.02966262035665, 6.797551775276202], [80.02983653409082, 6.797721216423057], [80.03002383853647, 6.797935220267576], [80.03016653422917, 6.798131444072376], [80.03032705594109, 6.798345460830168], [80.03049653311142, 6.7985505481376824], [80.03063922802612, 6.798755728174606], [80.03080861929358, 6.798996470185664], [80.03094687848662, 6.7991748592816785], [80.0310583556643, 6.7992996968541775], [80.03114305092993, 6.799393327526014], [80.03137939548833, 6.799585118914284], [80.03158452259608, 6.7997411751838], [80.03184312705642, 6.799923989562306], [80.03204381791497, 6.80004881697194], [80.0322177268722, 6.800196001284845], [80.03244954807843, 6.8003877021099735], [80.03257893440555, 6.800499198784327], [80.03262345622164, 6.800534887347156], [80.03288214287296, 6.8007890183748945], [80.0331050921073, 6.80101643629318], [80.03332360568179, 6.8012929726319085], [80.0335777698802, 6.801613970844341], [80.03382741298304, 6.80193947581235], [80.03405044507518, 6.802260560537838], [80.03420200422286, 6.802514744695727], [80.03434025800318, 6.8027555053794035], [80.0344383404403, 6.802987369574879], [80.03452303240321, 6.80321032591024], [80.03456763850951, 6.8035313606011165], [80.03462119992231, 6.803812325655642], [80.03464346030866, 6.804102164622566], [80.03465241563488, 6.804374142784962], [80.03465241563488, 6.804436585163938], [80.03466572068929, 6.804748750309443], [80.03466572068929, 6.804771016708105], [80.0346925013695, 6.805002867039132], [80.03471928204145, 6.805270457703668], [80.03476832305941, 6.805604906409552], [80.0348039737298, 6.8058902706086695], [80.03490657593623, 6.806166693711938], [80.03508047914914, 6.806340599055971], [80.03528559749756, 6.806443185895007], [80.03555314614786, 6.806518987817068], [80.03576713330071, 6.806518974709553], [80.03578052347166, 6.806519009513823], [80.03609267591509, 6.806519008835328], [80.03641369709106, 6.806492244862838], [80.03665898239524, 6.806456573284957], [80.03689531191151, 6.806434270308628], [80.0371851153247, 6.806407505793215], [80.03743039844493, 6.8063718336779875], [80.03768907074668, 6.806304973752662], [80.038076949823, 6.80621133680432], [80.03841587352203, 6.806117655804952], [80.03875027580165, 6.8060106499186706], [80.03898659961298, 6.805952685911009], [80.03926309168389, 6.805850130288448], [80.03949054455495, 6.805756484493797], [80.03973573586362, 6.805604875288532], [80.04010586682004, 6.805408651415865], [80.04040461422417, 6.805381907731637], [80.04076578762879, 6.805310548155469], [80.04101549530272, 6.805248180219719], [80.04119834090244, 6.8051857216485026], [80.04126076757662, 6.805167890812704], [80.0414970845381, 6.805083140376196], [80.0417958271432, 6.804927069953038], [80.04202327336277, 6.804762104478926], [80.04229532111229, 6.804512381679265], [80.04245582035549, 6.804334013035159], [80.04266535584856, 6.8040575869959135], [80.04270995776231, 6.803843506438785], [80.04271891225466, 6.8037989162417825], [80.04277238334679, 6.8035625918242015], [80.04284819796467, 6.803308416312054], [80.0429240125162, 6.803005191323194], [80.04301321605423, 6.8027376602306635], [80.04308903046127, 6.802452266673684], [80.04318266841116, 6.802189185556315], [80.04332090785884, 6.801859260345141], [80.04346358165328, 6.8015470955179875], [80.04363303312881, 6.801190388583258], [80.0438024842727, 6.8008559488231555], [80.04400758196752, 6.800472471551963], [80.04417259784744, 6.800138023883959], [80.04438212918589, 6.79982587412579], [80.04459174529627, 6.799513727195612], [80.04478345234426, 6.799277445503607], [80.04498854771515, 6.7990544285340135], [80.04519816235722, 6.798844896493873], [80.04541664542684, 6.7986620881921755], [80.0456485165904, 6.798465842426423], [80.04594281043136, 6.7982607202317675], [80.04620145730726, 6.798064543209045], [80.04651809187996, 6.797895134589606], [80.04679899429911, 6.797730071088807], [80.04709771860985, 6.797605225635193], [80.04741878426871, 6.797507138856785], [80.04775323705636, 6.7973510849878735], [80.04798066762473, 6.797279704303894], [80.04827938785691, 6.797132593573435], [80.0486450479879, 6.796931927729524], [80.04897949603657, 6.796722390150308], [80.04928716663386, 6.796588612661407], [80.049514593171, 6.796490449413981], [80.0498133081082, 6.796428039627611], [80.0499783129197, 6.796392397791902], [80.050085331376, 6.796263034333437], [80.05037517591681, 6.795964326645204], [80.05059816539256, 6.795781451478884], [80.05074969558025, 6.795661072876362], [80.05078099075196, 6.795634371663982], [80.05099502554656, 6.795384600616872], [80.05117785006733, 6.795157177008243], [80.05137849612333, 6.794938752488291], [80.05157470756232, 6.794733627626272], [80.05174857730087, 6.794564181206049], [80.05194922203322, 6.794359067669078], [80.05217664157307, 6.794162814703319], [80.05239962640567, 6.793980022441456], [80.05263591295669, 6.793810572204222], [80.05288567165881, 6.793605422916631], [80.05309074782798, 6.793458319604089], [80.05331373030427, 6.793311101227991], [80.05357235514855, 6.793141708246153], [80.05383993256126, 6.792972257729761], [80.05406734713034, 6.7928340039026045], [80.05438386765, 6.792664593441523], [80.0546112807889, 6.792553120122779], [80.05488780822077, 6.792423782719277], [80.0549234506068, 6.792405963922993], [80.05516868346753, 6.792294454084855], [80.05541391563285, 6.792200851552613], [80.05565471316028, 6.7921383745398], [80.05595349216306, 6.79204918145013], [80.05618090117449, 6.791991268303992], [80.05641726266279, 6.791937733859327], [80.05678732228122, 6.791870818917843], [80.05709948424405, 6.791839655802669], [80.0574116450799, 6.791821801963953], [80.05775501217104, 6.791799508421868], [80.05802249137639, 6.791768312116045], [80.05829005501977, 6.791768253680489], [80.05850407123215, 6.791853000261365], [80.05872260596526, 6.791946632370626], [80.05903032717141, 6.792075979425133], [80.05936473506507, 6.792254355601277], [80.0596857551943, 6.7924282622095715], [80.05997565282578, 6.792615483924809], [80.06023425774539, 6.792816178735021], [80.06044826914457, 6.793012407161256], [80.06067566633352, 6.793213025809789], [80.06089862925066, 6.7934181519494], [80.06113497784112, 6.793654530528939], [80.06131778092528, 6.793806075350035], [80.06152292235876, 6.793922022028049], [80.06179047516756, 6.7940156985853095], [80.06215607817636, 6.79405581322108], [80.06246822075262, 6.794046910689139], [80.06273577063492, 6.793993368227826], [80.06301227208078, 6.7939041933077755], [80.06326200081008, 6.79383729622876], [80.0635963923314, 6.793721401215983], [80.06384168585001, 6.793645539086596], [80.06418050863351, 6.793592090862236], [80.06452393409498, 6.793538575703744], [80.06494750165207, 6.793543015141724], [80.06529979096119, 6.793543003045204], [80.0655271753841, 6.793614393454938], [80.06575907789117, 6.793757026142438], [80.06599541318808, 6.79398888903119], [80.06610684522677, 6.794278765499436], [80.06615595371542, 6.794519524275992], [80.06620941031976, 6.7949253428511955], [80.06620054351687, 6.795237433662203], [80.06620054351687, 6.795513971412863], [80.06617820599014, 6.795790373369968], [80.06616933918404, 6.795866182847729], [80.06616933918404, 6.796236302007963], [80.06616038711927, 6.796570743470318], [80.06616038711927, 6.7969987893976525], [80.06616933918404, 6.797444689809923], [80.06620054351687, 6.797774720382914], [80.06620054351687, 6.797805940962024], [80.06626738554706, 6.798184950003004], [80.0663297941306, 6.798483679906139], [80.06642792556899, 6.798760154448637], [80.06646808184223, 6.798858274788683], [80.06653492366542, 6.79904108862222], [80.0666107174559, 6.799272976538342], [80.06671328195067, 6.799536073275987], [80.0668247983205, 6.799803631352596], [80.06699420402887, 6.800289644437856], [80.06707008267327, 6.800508146705346], [80.06717707997427, 6.800762304490348], [80.0672751251935, 6.801007565882107], [80.06746686721799, 6.801435637983204], [80.06758733453277, 6.801667487287211], [80.06781914625321, 6.8021178501874076], [80.06793066119536, 6.802327411771629], [80.068055475914, 6.802545961449801], [80.06821601261274, 6.80290264590945], [80.06833639362706, 6.803205901776279], [80.06840331926006, 6.80348232100556], [80.06849692980366, 6.803723145921436], [80.0686262622366, 6.80409323358678], [80.0687645462717, 6.804463346634258], [80.06892951491419, 6.804824571854204], [80.06914350477686, 6.805194635489314], [80.06925945125386, 6.805404219068626], [80.06941998571469, 6.805702990200036], [80.0695805198771, 6.8059705380632005], [80.06970089898952, 6.806180135186848], [80.06987038431095, 6.8064343146789135], [80.07009332350033, 6.806782062134487], [80.07037423458485, 6.807196765305403], [80.07053476697337, 6.807442050893131], [80.07067296269915, 6.807651617241982], [80.0708380129492, 6.807883523206382], [80.07100741078584, 6.80811535836003], [80.0712883188967, 6.808498845308278], [80.07136419376837, 6.8085924737177965], [80.07154254208058, 6.808833291347623], [80.07167186995225, 6.80902944733795], [80.07188585301923, 6.809381706605988], [80.07211330535513, 6.809716171199403], [80.07232728732804, 6.8100996618907], [80.07244774786273, 6.810318152265454], [80.0725770743785, 6.810527708155781], [80.07276880463107, 6.810906791950852], [80.07286684350187, 6.811116350755454], [80.07302737125602, 6.811464132428763], [80.0731522638588, 6.81177624191344], [80.0732949736834, 6.812133020725209], [80.07340196327172, 6.812342607144495], [80.07357587435146, 6.812690430085792], [80.07376316937247, 6.81299358443671], [80.0738746766385, 6.813198748305348], [80.07403520251854, 6.813443979632779], [80.07418677686734, 6.8137204179016795], [80.07426256394191, 6.813818572349311], [80.07443204030886, 6.814059310600028], [80.07466835187071, 6.8143580763168465], [80.07494481511701, 6.814661302783254], [80.0752480456026, 6.814977913606534], [80.07550217187729, 6.815218707536333], [80.07572961468485, 6.815419329916166], [80.07595705689305, 6.815606637894336], [80.07624689991792, 6.8158028186514965], [80.07655455869903, 6.816003483047694], [80.07684883257228, 6.816155130194082], [80.07709408844912, 6.816239836158735], [80.07740626228305, 6.816333507488746], [80.07768271675889, 6.816440484202185], [80.07800375405509, 6.816511823315187], [80.07832479015686, 6.816574285426836], [80.07859680892484, 6.816601036174602], [80.07886439408394, 6.81660106450686], [80.0791542273436, 6.816605505568281], [80.07938166052558, 6.816583159104988], [80.07961352582109, 6.816538630715101], [80.07990335656415, 6.816485128731391], [80.08020213694326, 6.816409295742647], [80.08064352871675, 6.816306704097587], [80.08104485400054, 6.816195216313997], [80.081406028111, 6.8160971845977425], [80.0814595605151, 6.816079323297976], [80.08170480328556, 6.815994558116582], [80.08194561276578, 6.815905424385824], [80.0822622016223, 6.815780568754259], [80.08250300954631, 6.815669081013393], [80.08274824934996, 6.815557603804879], [80.08297124051606, 6.815455029266499], [80.08320752869136, 6.815307859918652], [80.08348848233146, 6.81512505409489], [80.08375596707639, 6.814919940181387], [80.08395219022087, 6.814705934453291], [80.08410826487061, 6.814509743519096], [80.08426877171166, 6.814318001943596], [80.08445604352194, 6.8141440812573135], [80.08473256064475, 6.814010249347476], [80.08502237418675, 6.813943428111461], [80.08531218675468, 6.813934466892298], [80.08557088626823, 6.813938906238488], [80.08581611734746, 6.813974620990094], [80.0860301505765, 6.814090552731578], [80.08627538034949, 6.814242150136118], [80.08652512702044, 6.814420552204411], [80.08673915848938, 6.8145810306087], [80.08695762176258, 6.8147683121598694], [80.08721179877969, 6.8149199343145055], [80.0874392107138, 6.81501354767543], [80.08772910039423, 6.815089402470668], [80.08798770741933, 6.815089400964552], [80.08827751001934, 6.815022495880376], [80.08849153713756, 6.814897621449122], [80.0887145134506, 6.814705869992818], [80.08891967501503, 6.814478486487049], [80.0890979870375, 6.814237719629007], [80.08924067048387, 6.814014780706464], [80.08929419802409, 6.813930019150783], [80.08949484076913, 6.8136089343564095], [80.08965985501315, 6.813265651859494], [80.0898203515187, 6.812931154587439], [80.08996755118429, 6.812587831212126], [80.09007903750371, 6.81223110513012], [80.09015481061556, 6.811910039968296], [80.09026186452729, 6.811553306737738], [80.09033320531661, 6.81119656679676], [80.09040897820499, 6.810817567379543], [80.09042235991176, 6.810474244675559], [80.09042235991176, 6.810206662359551], [80.09044017377296, 6.8099435629599885], [80.09044017377296, 6.809676063539772], [80.09042235991176, 6.8093683364535424], [80.09041792775433, 6.809042810927546], [80.09041792775433, 6.808766358433123], [80.09044017377296, 6.80853894120709], [80.09058285499734, 6.808284790981943], [80.0907122395593, 6.808088627371247], [80.09086830197077, 6.807861220372584], [80.09100203299857, 6.80766942368001], [80.09123395228133, 6.807379589551028], [80.09148359935269, 6.807129901116093], [80.09164417769442, 6.806960444161972], [80.09184924705244, 6.806777619897163], [80.09207221467845, 6.806608154858937], [80.09233089390386, 6.806411989478179], [80.09237547017959, 6.806380791202415], [80.09262068189966, 6.806206861618567], [80.09287041018479, 6.8060285063705255], [80.09317809489234, 6.80585908849297], [80.09352140495325, 6.805662887702997], [80.09376669864247, 6.805551413397664], [80.09401642360586, 6.80541759855492], [80.09425276673555, 6.805315058031418], [80.09456487845064, 6.805190190337094], [80.09477888995347, 6.805087594233778], [80.0950375610523, 6.804989546583974], [80.09532733994396, 6.804878017393856], [80.09567072666857, 6.8047398324914745], [80.09590706525955, 6.804663999070562], [80.09612107342781, 6.804574796706621], [80.0964065020529, 6.804458901091229], [80.0966962763392, 6.804369721666751], [80.09700846442786, 6.804222584248752], [80.09725817999322, 6.804088768208496], [80.09759704200522, 6.803883679772896], [80.09781556297784, 6.803749868605787], [80.09789132928547, 6.803678563609646], [80.09806970796697, 6.803522465389232], [80.09823470578776, 6.803326313809793], [80.09837294235497, 6.803076601850037], [80.09852012740797, 6.802764461611162], [80.09860032483239, 6.802487982312996], [80.09867165871677, 6.802166944928567], [80.09869398782973, 6.801881534239536], [80.09868503914011, 6.80157829683599], [80.09864941482367, 6.801337528075291], [80.09856470048092, 6.801105676838758], [80.09845765688638, 6.800757828691113], [80.09832836918277, 6.800387741524719], [80.09824365452417, 6.800089007773455], [80.09814999103703, 6.799857139211715], [80.0980385151616, 6.7995226814654295], [80.09798499305394, 6.799290832124502], [80.097931470913, 6.799063421175134], [80.0978779487388, 6.798818099820323], [80.09783780708631, 6.7985060081006115], [80.09778437008042, 6.7981983246339555], [80.09777098951713, 6.797859434572069], [80.0977308478148, 6.797574052707297], [80.097739711377, 6.797319851689281], [80.097739711377, 6.796949776032628], [80.09774866016485, 6.796673311907], [80.09774866016485, 6.796410219347767], [80.09774866016485, 6.796156083127356], [80.09775760895177, 6.795879622402723], [80.09775760895177, 6.795580793052087], [80.09774866016485, 6.795246364403602], [80.09774866016485, 6.794969966081348], [80.097739711377, 6.794693466102256], [80.097739711377, 6.794430381683619], [80.0977308478148, 6.794127182223616], [80.097739711377, 6.793886386880135], [80.09770408666951, 6.793574251091078], [80.09770851845212, 6.793297789542052], [80.09770851845211, 6.792998972279804], [80.097739711377, 6.792677965310546], [80.09780661419694, 6.792312272988324], [80.09784675586397, 6.7920224311221515], [80.09790922682872, 6.791781693755987], [80.09799837358396, 6.79150520152548], [80.09812323002198, 6.791264453904035], [80.09828379598747, 6.791001366828011], [80.09847103734297, 6.790738262574315], [80.09857808092089, 6.79057774252499], [80.09860032483239, 6.790542057734691], [80.09874750949675, 6.790350334318198], [80.09902398076285, 6.790042594162363], [80.09924249811453, 6.789815225016794], [80.0994341690792, 6.789605618349056], [80.09965711707223, 6.789391570701559], [80.09983106042279, 6.789195396119784], [80.10005400738814, 6.788967958037619], [80.1002279499369, 6.788798566377434], [80.1004642760214, 6.788513160098309], [80.10062475239776, 6.788281297666131], [80.10079869379344, 6.7880181702654605], [80.1009681179997, 6.787688238635396], [80.10112867866013, 6.787331506512188], [80.10123571893405, 6.787068383352506], [80.10130253381463, 6.786836542847543], [80.1013114822322, 6.786814219996148], [80.10139619387245, 6.786515470771198], [80.10144971385974, 6.786261337917641], [80.10150323381374, 6.785989298142066], [80.1015388569494, 6.785766341088926], [80.10154780534242, 6.785690537235172], [80.10157899687647, 6.785342701262127], [80.10160132523544, 6.785115279605023], [80.10162365358863, 6.784767507215512], [80.10163251675012, 6.78445535655187], [80.10166822505494, 6.78409866589721], [80.10166822505494, 6.783733018647973], [80.10169941654537, 6.783487715474601], [80.1017306080245, 6.783246930303604], [80.1017618847149, 6.782845629994448], [80.10183764755, 6.782430965381742], [80.10188221890552, 6.782132139712743], [80.10190454718584, 6.781869076961929], [80.10194468694239, 6.781512329556761], [80.10198030989537, 6.78127156149361], [80.10206058931911, 6.780968309296401], [80.10210524578143, 6.780705223962017], [80.10218995664059, 6.780406501111576], [80.1023415667126, 6.780107776776715], [80.10247979668604, 6.779800068759104], [80.10257788699496, 6.779581555391417], [80.10271611658892, 6.7793051446703], [80.10282315488898, 6.779077701374996], [80.10293462456951, 6.778836879593173], [80.10306390535612, 6.7785604497675855], [80.10321108238969, 6.778275030692084], [80.10332698306125, 6.778056563115006], [80.10344740028484, 6.77783802715729], [80.10356330063817, 6.777597299719872], [80.10375061573222, 6.777253906779576], [80.1038798952932, 6.7770265207480955], [80.10403601906582, 6.776750000665545], [80.10413410760124, 6.776531576321583], [80.10426338658618, 6.77630411160905], [80.1043927505969, 6.776063341326268], [80.104499701592, 6.775858246580632], [80.10461568574802, 6.775626318012183], [80.10472272168572, 6.775412273587808], [80.10484305173698, 6.77518043511994], [80.10495903543027, 6.774939636689623], [80.10508831317604, 6.774689916251898], [80.10519977992286, 6.77445806005753], [80.10528005634376, 6.774266296513584], [80.10532471113572, 6.774190508877347], [80.10552983313617, 6.773869431264664], [80.10588655847512, 6.773445879529196], [80.10631009332856, 6.7731158779741865], [80.10679617583057, 6.77281707583891], [80.10743828796946, 6.772451455954186], [80.10796450104662, 6.772152666975516], [80.10841486871122, 6.771844990216039], [80.10880277100473, 6.771501681841928], [80.1090168323299, 6.771292089885812], [80.10908372638477, 6.771211838747536], [80.10913724159121, 6.7711092974076665], [80.10934235450247, 6.770935412156877], [80.10944938456029, 6.7708372701239865], [80.10971687390749, 6.770596510553416], [80.11007809824609, 6.770369035960288], [80.11037234285301, 6.770199631985374], [80.11068005022562, 6.770048003338823], [80.11100113500596, 6.769900841277437], [80.11138016347998, 6.769784943048487], [80.11174581189293, 6.769731434673301], [80.11212926812506, 6.769695709205051], [80.11253504816912, 6.769695762565779], [80.11288288245764, 6.769700198034333], [80.11338230595635, 6.769731436441885], [80.11380145816045, 6.7698027319145115], [80.11418047429187, 6.769896435187934], [80.11455497262781, 6.769976658649105], [80.11489836784806, 6.77004802141125], [80.11528632610803, 6.770106018306198], [80.11567871347442, 6.770172896139506], [80.11614241845061, 6.7701996135473355], [80.1162405783894, 6.770199599495961], [80.11649475416831, 6.770208574369718], [80.1168693276305, 6.77021298823698], [80.1172795160781, 6.770221918699157], [80.11769864928122, 6.77022635356394], [80.118157997838, 6.7702263659477255], [80.11849243203565, 6.770226411387808], [80.11881348764106, 6.7702263450745095], [80.11916572720415, 6.770275384998041], [80.11951353466426, 6.770297719894023], [80.11993265697245, 6.770377963793227], [80.12032510833154, 6.77050282803647], [80.12069071869925, 6.770654485784131], [80.12107865081413, 6.770828374780649], [80.12139969675707, 6.770953235664355], [80.12184121817252, 6.771171689302711], [80.1221934453242, 6.771381306531983], [80.12255913294359, 6.771622088842249], [80.12296486375094, 6.771920871446539], [80.12324577284917, 6.77213040867393], [80.12333054808661, 6.772197304845019], [80.12362483253288, 6.772429134287485], [80.12389236297281, 6.772727926665329], [80.12411533276973, 6.77305791265176], [80.12427585021707, 6.773436955957106], [80.124458689789, 6.773815972999307], [80.1246415289717, 6.77421725364456], [80.12466376614304, 6.774293039902281], [80.12462815258615, 6.774409023260561], [80.12455675502811, 6.774738984883393], [80.12449438861618, 6.7750377566472535], [80.12439623810572, 6.775430169143609], [80.1243293559662, 6.7757065901933355], [80.1242669041889, 6.7759831026981026], [80.12420453756651, 6.776210496997706], [80.12415989257951, 6.776451239585429], [80.12412427881371, 6.776692086592873], [80.12412427881371, 6.777004237992563], [80.12412870923515, 6.777294057863704], [80.12417778465725, 6.777570513052614], [80.12423572088336, 6.777824645995681], [80.12428479624432, 6.777985194017149], [80.12430703350803, 6.778092200664751], [80.12433830198788, 6.778333047232646], [80.12440518412043, 6.778596077393534], [80.12447206620092, 6.778850316573229], [80.12454789422918, 6.779184675696105], [80.12466376614304, 6.7794879114120965], [80.12474853998101, 6.779719772573892], [80.12485555085699, 6.77993829504016], [80.1249313785467, 6.780179090434841], [80.12505176551653, 6.780482342862711], [80.12521228121383, 6.780830136054253], [80.12535047442417, 6.781151178984592], [80.12547086080657, 6.781432092239241], [80.1255734404359, 6.781695219621602], [80.12564926749178, 6.78194933220091], [80.1256715896011, 6.782283746114256], [80.12567158960111, 6.782640534866782], [80.125658213376, 6.783126523774472], [80.12564926749178, 6.783572434075875], [80.12560913879977, 6.783920263135697], [80.12558681667423, 6.784183351918873], [80.1255021288627, 6.784553507035816], [80.12540397950384, 6.784910159378114], [80.12531486115202, 6.785217869837546], [80.12523451823742, 6.785458643054628], [80.12516763675065, 6.78574849776679], [80.125091894469, 6.7859758946600195], [80.12499374464132, 6.786274712697537], [80.12489124951927, 6.786631446174685], [80.12481090620838, 6.786885615625274], [80.12470389527678, 6.787193291681679], [80.1246415289717, 6.7874251613225525], [80.1245567550281, 6.787652540257904], [80.1244676357972, 6.787951307650651], [80.12437391566495, 6.788192058573753], [80.12431154912028, 6.788423931418268], [80.12420453756651, 6.788731613903771], [80.12407520336103, 6.789052717520799], [80.12396819151283, 6.7893425734223625], [80.12384780302426, 6.789663620441126], [80.12369614566472, 6.790006941625229], [80.12349549745456, 6.7903949256216345], [80.12349106700046, 6.790408227311489], [80.12332160195996, 6.790671317893093], [80.12313875996769, 6.790943332943364], [80.12288017335428, 6.791228725484279], [80.12259031685775, 6.791527517278473], [80.12226032912673, 6.791835170550826], [80.1220552470348, 6.792004595644655], [80.1217430646306, 6.792267676331494], [80.12146215061878, 6.7924950916495614], [80.12120798953097, 6.792713615044731], [80.12103408940611, 6.792905381457452], [80.12087799649062, 6.793110501780528], [80.12078887344336, 6.793342325776852], [80.12073536548911, 6.7935831083761675], [80.12073536548911, 6.793846205273784], [80.12075760367159, 6.794158408458748], [80.12082005800005, 6.794470467818963], [80.12089588925187, 6.794702363376851], [80.12103408940611, 6.794969906221908], [80.12114110490923, 6.795210752056277], [80.12123917393555, 6.795420272563407], [80.12135956607982, 6.795719081953916], [80.12143539685549, 6.795937589172844], [80.12146215061878, 6.79616945455128], [80.12141307364531, 6.796423570634458], [80.12124812027903, 6.796700086183433], [80.12094939710614, 6.797088032809801], [80.12062834948067, 6.7973956463957474], [80.12040085481607, 6.797600769690829], [80.12019133766147, 6.79773453248836], [80.11995498056721, 6.797850479320603], [80.11968300721598, 6.797961985461668], [80.11942432499674, 6.798064565488573], [80.11921028958106, 6.798162653566917], [80.118974014994, 6.798278601794424], [80.11871984654671, 6.798434687615647], [80.11841659866289, 6.798630837421554], [80.11823374623268, 6.798777975241395], [80.11802865453053, 6.798947411168965], [80.11785031722678, 6.7991169110605645], [80.11765851687557, 6.799348747960725], [80.11743109955621, 6.799611888455656], [80.11718587331245, 6.799928482965225], [80.1169985874751, 6.800191559431537], [80.11678906202602, 6.800490329056233], [80.11660177532406, 6.800766720588406], [80.11644567435805, 6.801016479304262], [80.11631189764961, 6.801257255589219], [80.11618706760333, 6.801462390129572], [80.11604877444621, 6.801725425975397], [80.11594175260198, 6.80195731192131], [80.11583029977545, 6.802220415264891], [80.11574560234733, 6.802519167895113], [80.11566090483578, 6.802773380787432], [80.1155984467582, 6.8030810640206445], [80.11557169116948, 6.803393192181861], [80.11557169116948, 6.80368303460401], [80.11559401589696, 6.803910396498238], [80.11564752705218, 6.804155666565745], [80.11574560234733, 6.804360778836251], [80.11592837486208, 6.8046283088517185], [80.11612904074194, 6.804860217945148], [80.11621825382983, 6.804980584760911], [80.11630295079226, 6.805083187448438], [80.11652594028318, 6.805279405438361], [80.11668204110343, 6.80539081561039], [80.11673555158139, 6.805430968329934], [80.1169807791099, 6.805595930742081], [80.11724833023662, 6.805725280974502], [80.11750250303564, 6.805854599326426], [80.11784580127497, 6.8059972843354934], [80.1181490511728, 6.8061132456429565], [80.11852804813594, 6.806255936747299], [80.11886699679204, 6.806398614170147], [80.11910327167332, 6.806456555013584], [80.11941546366846, 6.806585853775327], [80.11964287573696, 6.806657250645424], [80.11998616542655, 6.806764269516874], [80.12032510833154, 6.806893552290201], [80.1206729110991, 6.807013978886639], [80.1210029049271, 6.807134363441084], [80.12132838171893, 6.807250297976566], [80.12167174987748, 6.807379591634073], [80.12204187024652, 6.807544617925976], [80.12242085004034, 6.8077095841459725], [80.12282666670248, 6.807896889305992], [80.12319226642508, 6.808075220299042], [80.12339743100384, 6.808191192440276], [80.12374079089275, 6.808369552762386], [80.12403950435962, 6.808521094233202], [80.12437391566495, 6.8087217873611685], [80.12460139980882, 6.8088600071829575], [80.12485555085699, 6.809025001341569], [80.12511413152373, 6.809221237084637], [80.1254129254136, 6.80942184848846], [80.12571171826396, 6.809631418422506], [80.12597481187775, 6.809805394646464], [80.12604612305846, 6.809854389088504], [80.1261665084657, 6.809934652292119], [80.12638947235885, 6.810086259759715], [80.12669269210079, 6.810264610659133], [80.12691565462777, 6.810380548679581], [80.12721887251173, 6.810554461862567], [80.12742394227476, 6.810683833953203], [80.12770040655194, 6.810848806740223], [80.12794568798054, 6.81101378662623], [80.1282489022272, 6.81122337267355], [80.12854768520985, 6.8114239913149595], [80.12885984288123, 6.81161132650202], [80.12913630253496, 6.811771782573409], [80.1293547433698, 6.8119145057223776], [80.12961782582158, 6.812052736843558], [80.12982297504966, 6.812182033437771], [80.1300726805291, 6.8123336302861865], [80.1303401908817, 6.812534338557353], [80.13053196291763, 6.812685959795862], [80.13073710996112, 6.812873204801015], [80.13090656036775, 6.813047128758797], [80.13111162132252, 6.813265606730951], [80.1313345723739, 6.813533199240585], [80.1314995915602, 6.813765063088517], [80.1316690404616, 6.814010254760003], [80.13182954378823, 6.814206516553313], [80.13203468773051, 6.814474071585852], [80.1321863303627, 6.814670234167272], [80.13236020790504, 6.814879847295801], [80.13252070993914, 6.815067072774227], [80.13275260247529, 6.815276665832306], [80.13294879908766, 6.8154371829419365], [80.13314056529528, 6.8155798535326575], [80.13328769083355, 6.815669067259596], [80.13336794102086, 6.815718088879172], [80.13364438615525, 6.815869759670266], [80.133867415818, 6.815967874191204], [80.13408584461264, 6.816070414380531], [80.1343623726246, 6.81617737390545], [80.13462100984772, 6.816284451206916], [80.1349196854602, 6.816391461408919], [80.13520958552391, 6.816485055222486], [80.13553066382244, 6.816592121245965], [80.13584279609749, 6.816712482975337], [80.13611480345598, 6.816770439274219], [80.13641355905669, 6.816868573404577], [80.13672568811967, 6.816948821383497], [80.1370333011042, 6.817020179165379], [80.13740344043899, 6.817140600146212], [80.13773345515276, 6.817211932713753], [80.13810802116643, 6.817318965491296], [80.1384067698256, 6.817439376876664], [80.13866539485622, 6.817524098085752], [80.13898646022068, 6.817639962822978], [80.13924508350337, 6.817733643453443], [80.1395438282021, 6.817840656926158], [80.13989163829824, 6.817983383008205], [80.14025725052542, 6.818112671919333], [80.14058725425885, 6.818210721293598], [80.14096180780948, 6.818326714321275], [80.14125611699089, 6.8184114410449], [80.14156379891037, 6.818505078331599], [80.14184473232335, 6.818589773311961], [80.1421881035984, 6.818719091819951], [80.14242439947965, 6.818812719947946], [80.14270975953518, 6.818942061260353], [80.1429728862194, 6.819071350987407], [80.14318686239021, 6.819222961294501], [80.14341881127471, 6.819374617329677], [80.14366847718397, 6.8195618294219384], [80.14387359281511, 6.81972682014679], [80.14409659588053, 6.819891854932588], [80.14427939322418, 6.820065752777372], [80.14447113410101, 6.820284229451962], [80.14463161347456, 6.820458155691006], [80.14479217772754, 6.820645402836904], [80.14493485393342, 6.820832687775574], [80.14511322015171, 6.821051216433848], [80.14530052983528, 6.8212830865074014], [80.1454833246116, 6.821483707134659], [80.14571969658923, 6.821737894371105], [80.14596492650337, 6.821983142834525], [80.14608085467636, 6.822099092098055], [80.14622352873718, 6.822237303543037], [80.14649107390294, 6.8224692080982], [80.14674975972717, 6.822678814377647], [80.14699498669408, 6.8228571484559035], [80.14724915659241, 6.823031065171749], [80.14745426365515, 6.8231603870827175], [80.14772623418186, 6.823369945354544], [80.14798934546725, 6.823557204792866], [80.1481944507584, 6.823695488227803], [80.1484441879335, 6.823873837370024], [80.14873404227563, 6.823976402011627], [80.14898820701593, 6.82403884230747], [80.14935386562307, 6.82407450600539], [80.14968826343974, 6.82407005497731], [80.14994242534952, 6.824070014412246], [80.15018321410405, 6.824061062270504], [80.15054443855406, 6.824065555452842], [80.15082534253227, 6.82407001766234], [80.15113750430203, 6.82407003429423], [80.15144957976104, 6.824029848132705], [80.15171719378246, 6.824007559930387], [80.15197134967296, 6.823954078427031], [80.15222107583894, 6.8239318271523555], [80.15250197431929, 6.8238559672042705], [80.15273832693586, 6.823811403923343], [80.15300142282918, 6.823744543099733], [80.15334474940465, 6.823655349782098], [80.15365690199313, 6.823566163668373], [80.15390653807395, 6.823521548757866], [80.15414288681458, 6.823490304059383], [80.15440154953562, 6.823490352792729], [80.15473149880717, 6.823459086680156], [80.15498564575313, 6.823463563187182], [80.15507490361685, 6.823463614548344], [80.1552487347428, 6.823468061169836], [80.15552519449355, 6.823454669676654], [80.15581511004481, 6.823436790690559], [80.15605136834924, 6.82338334370608], [80.15629665385877, 6.823303038605953], [80.15641708197329, 6.8232495614816875], [80.15657762413976, 6.823178177306017], [80.15683176560643, 6.823031051921952], [80.15707253499309, 6.822861615147448], [80.15732667499073, 6.822678809744728], [80.15756301429143, 6.822509363265045], [80.15778155304261, 6.822326475407754], [80.15803569093555, 6.822099111027657], [80.15828097076022, 6.821880606770938], [80.1585396209807, 6.821644294441624], [80.15876701450333, 6.821390068395187], [80.15901229223259, 6.821140406363363], [80.15923517072639, 6.820890690270754], [80.15947150475823, 6.820614208131751], [80.15975246461954, 6.820270833328928], [80.1598951159088, 6.820088010865334], [80.16014933269159, 6.819744655991583], [80.16039460645982, 6.819414680540184], [80.16059968204316, 6.819093651428037], [80.1607290463299, 6.818888522969869], [80.16096537623693, 6.8185095323402605], [80.16118824964504, 6.8181305104186505], [80.16136223868479, 6.81778713719799], [80.16155394132392, 6.817399167403459], [80.16175909929231, 6.81700679286175], [80.16188837666363, 6.816770510646799], [80.16201765383965, 6.816538587836424], [80.16221838224305, 6.8161952834805515], [80.16243682394594, 6.815865257115745], [80.16261072528502, 6.815633360713886], [80.16287830442208, 6.8153702853085845], [80.16314579756076, 6.815134006336459], [80.16343568730237, 6.81490657970963], [80.16372106252523, 6.81468810125713], [80.16397075441932, 6.814509736018579], [80.16418484845768, 6.8143848842916706], [80.1644211688207, 6.81438486841774], [80.16468865713588, 6.814389282641579], [80.1649562297746, 6.814389339815983], [80.1651836062478, 6.8143714642351], [80.16541106727604, 6.814349150911944], [80.16571874759225, 6.814362537626922], [80.16594612203875, 6.814398256623728], [80.16624494394092, 6.814482976149397], [80.16656599110235, 6.814567665305552], [80.16687809547683, 6.814661292776004], [80.16724376283682, 6.814723727655322], [80.16757817593555, 6.814786169942868], [80.1679394121453, 6.81479951927792], [80.16830498981129, 6.814826275223966], [80.16841203147364, 6.814830801633957], [80.16875538139095, 6.814853067609546], [80.16905862157782, 6.814893160015099], [80.16950006788058, 6.814964567068227], [80.16982110282304, 6.815058215067177], [80.17018675759964, 6.815156244922983], [80.1705301003912, 6.815227586141222], [80.17076197521182, 6.815298992538731], [80.17115887736564, 6.815477328913896], [80.17157800267748, 6.8157002723670415], [80.17182767163477, 6.815838554514032], [80.17205954293632, 6.816003514464476], [80.1722423657336, 6.816155123630511], [80.17244749806677, 6.816351342094441], [80.17264368892866, 6.8165519797585405], [80.17292911857993, 6.816850738854308], [80.17320109332154, 6.8172476232335635], [80.17339285457912, 6.817617687849308], [80.17351325863024, 6.817987831715602], [80.17358461540651, 6.818219668421041], [80.17368270958886, 6.818612043545152], [80.17377637580373, 6.818982212760657], [80.17380311323168, 6.819209590425116], [80.17388332546538, 6.819463730972686], [80.17399478798787, 6.81971794571372], [80.1741865474649, 6.819918586018856], [80.17447639978317, 6.819932012393002], [80.17477519187554, 6.8199007384616515], [80.17498917371529, 6.8197848287967755], [80.1751854438931, 6.819606480714141], [80.17536826000469, 6.819374580496443], [80.17549751680522, 6.819102597943922], [80.17558224035956, 6.818799355314574], [80.17562685855945, 6.818500622959138], [80.17565810831535, 6.818201861197813], [80.17569821357117, 6.817903120091066], [80.17572052264374, 6.817675697851742], [80.17576505562235, 6.8173991670907315], [80.17584977891148, 6.81714501021869], [80.17593450211662, 6.81692653278434], [80.17605047485017, 6.81668576909691], [80.17623771683891, 6.816413768827649], [80.1764607207459, 6.816172930498887], [80.17666584295519, 6.816025766287625], [80.17687990520896, 6.815909861638398], [80.1771028222923, 6.815785016321819], [80.1773748688998, 6.815744879466615], [80.17774049136419, 6.815749352169413], [80.17774049136419, 6.815883104768222], [80.17774943181007, 6.8161729912568045], [80.17780290417163, 6.816449419410638], [80.17802581884699, 6.8165920806360125], [80.17827555411606, 6.816641168840711], [80.17852077589977, 6.816641167298373], [80.17877050972209, 6.81650742241818], [80.17889984652213, 6.81629784628283], [80.17900687491763, 6.816070379978816], [80.17912275833548, 6.815829614711267], [80.17926997517672, 6.81552192688729], [80.17940373878417, 6.81522316786339], [80.17959548612349, 6.814866425560458], [80.17975598478665, 6.814590008258196], [80.17992542336644, 6.814349209511793], [80.18010822933668, 6.814144038506032], [80.18034459083101, 6.8140325434400335], [80.18062548211668, 6.814037060181369], [80.1809153977372, 6.814095034776728], [80.18119185967517, 6.81422433225265], [80.18139697052554, 6.814411584167425], [80.18157977334651, 6.814621225366761], [80.18174920830862, 6.814861994637986], [80.1818785405987, 6.815062636758602], [80.18201230012129, 6.815258849564846], [80.18222634897874, 6.815468404689008], [80.18249386672498, 6.815597765365492], [80.18274801632194, 6.815655658143427], [80.18309139378887, 6.815660157305873], [80.18341246281699, 6.815615526784319], [80.18373795797685, 6.815562026239217], [80.18407239168009, 6.815521945843353], [80.18430874220384, 6.815499642157251], [80.18455394666677, 6.815499636316052], [80.18487501019578, 6.815562040321194], [80.18510241882257, 6.815669111146884], [80.18537001269833, 6.815842950687967], [80.18555280701456, 6.816030237776828], [80.18576684699734, 6.816284435228365], [80.18592741920176, 6.81651631388422], [80.18606559960037, 6.816761540600933], [80.186203864914, 6.817015730377697], [80.18630194460664, 6.8172565091698925], [80.1864000241866, 6.817510689097941], [80.18654722848358, 6.817849582620774], [80.18665867448291, 6.818090395255604], [80.18679693883601, 6.818357910571756], [80.18698866957578, 6.818625467920101], [80.1871937665023, 6.8187993345846], [80.18741674180482, 6.818674478154466], [80.18754606551067, 6.818442608102225], [80.1876619373414, 6.818201826886522], [80.1877422216991, 6.8179075270612115], [80.18780462719751, 6.817617707426401], [80.18785817840056, 6.817341270102073], [80.18790279018795, 6.817055852811323], [80.18797413494451, 6.816730377904109], [80.18806327323796, 6.816378063643673], [80.18813913010776, 6.8161461602525835], [80.18822384112288, 6.815883117883063], [80.18833085783284, 6.815584367695091], [80.18850027939843, 6.815330156999235], [80.18868306701192, 6.815174134158738], [80.18895507673204, 6.8150046731382385], [80.18920035298522, 6.814879790496315], [80.18942332304594, 6.814786176656078], [80.18965071955638, 6.814697011840755], [80.18989599381034, 6.814607807537271], [80.19016357265933, 6.814554332456443], [80.19045337075904, 6.814451747282895], [80.19072537483686, 6.814407160518683], [80.19101074406728, 6.8143893221963525], [80.19128274636844, 6.814358134645505], [80.19167512625124, 6.81436257498962], [80.19198730917373, 6.814353677103526], [80.19241986835198, 6.814358127940843], [80.19274984116889, 6.814358067540831], [80.19309317840305, 6.814349157579058], [80.19340527100545, 6.814353656568679], [80.19368620445019, 6.8143580858953055], [80.19397607571658, 6.814358095941478], [80.19428816508906, 6.8143625942854404], [80.19457803431, 6.81436704359509], [80.19489906013027, 6.814367041651803], [80.19518892727527, 6.814384890332682], [80.19550109733976, 6.814384869121349], [80.19577751203897, 6.814411645870995], [80.1961209222161, 6.814460693412647], [80.19645530739602, 6.814500758390467], [80.19673180413093, 6.814536496592684], [80.19703051834612, 6.814585521820847], [80.19737392347794, 6.8146568481595615], [80.19761466378203, 6.814728183376442], [80.19799816134231, 6.814799518557034], [80.19824792330988, 6.814884276004264], [80.19856893531654, 6.815004629700963], [80.19883648696195, 6.815107266427129], [80.19906837005063, 6.815205302561673], [80.19930467903993, 6.815334668991395], [80.19962126055353, 6.8155219341989515], [80.19987544426836, 6.815704781737054], [80.200142991814, 6.8159499791222755], [80.20035699519619, 6.816181898285852], [80.20057108316551, 6.816462820448651], [80.20082075247215, 6.816797263006816], [80.20100359881044, 6.817087078076362], [80.20119538274666, 6.817412596332254], [80.20130238318401, 6.817617721771483], [80.20133353841736, 6.817680112165556], [80.20145398818788, 6.817943232446308], [80.20161453086828, 6.8182464038659525], [80.20169922850201, 6.818478283656991], [80.20179729038088, 6.818741355461642], [80.20191322797753, 6.819031271470341], [80.2020426148302, 6.819343340403458], [80.2021183741462, 6.819619847537228], [80.20218076912779, 6.819874044545313], [80.20223431130614, 6.820186107503882], [80.2022789155753, 6.820440348287952], [80.20229227982699, 6.820672156588333], [80.2023413104394, 6.820935289245281], [80.20238591465255, 6.821247417795506], [80.20239927888747, 6.821595241179138], [80.2024215809818, 6.821907322490908], [80.20245282092856, 6.822148138731048], [80.20247512300888, 6.822402337044636], [80.20249742508337, 6.82272338381908], [80.20250636293602, 6.82303552145982], [80.20252415351612, 6.823356560292451], [80.20254645557777, 6.823668731098886], [80.20253751772934, 6.824105729692185], [80.20253751772934, 6.824440136568836], [80.20252415351612, 6.824671980162314], [80.20252415351612, 6.825015351731232], [80.20249291359549, 6.825385458395051], [80.20249291359549, 6.8257555578449045], [80.20248406086387, 6.826098916243959], [80.20249291359549, 6.8264556361760595], [80.20251521566533, 6.8268123900043385], [80.20252415351612, 6.827057614880634], [80.2025687576336, 6.827530284374306], [80.20260442388633, 6.828025221067709], [80.20260442388633, 6.828279392150952], [80.2025910596836, 6.828653999663165], [80.2025910596836, 6.828774384792487], [80.20258212183982, 6.829255987564466], [80.2025687576336, 6.829532418096328], [80.20254645557777, 6.829808909783318], [80.20252857987995, 6.830040761327324], [80.20247061151983, 6.830508939156061], [80.20239042614611, 6.830923699117312], [80.20232351982112, 6.831258068746667], [80.2022789155753, 6.831512230901181], [80.20218076912779, 6.831730743099282], [80.20207376979302, 6.831944795839957], [80.20193553019904, 6.832154336127964], [80.20175277098285, 6.832417472055811], [80.20156098830063, 6.832644896438463], [80.20135584079054, 6.832885694759601], [80.20116414233905, 6.833126445044111], [80.20100359881044, 6.833295886303564], [80.20080738798977, 6.8335010168586745], [80.20059338573817, 6.833728393909839], [80.20039274749884, 6.833969205942488], [80.2002098998504, 6.834187691532107], [80.19999138447872, 6.8344508299288265], [80.19981304759943, 6.8346782101453885], [80.19959453121061, 6.834963636349065], [80.19941619350121, 6.8352177455498895], [80.19924228195327, 6.835547769146435], [80.19909067301636, 6.835904492963906], [80.19896579335827, 6.836270081389694], [80.1988542783079, 6.836591208810958], [80.19879188089166, 6.836916651325069], [80.19872948342977, 6.837237734812095], [80.19871611861957, 6.837478504371321], [80.19869381555587, 6.8377103711018945], [80.1986848773035, 6.838031500312835], [80.1986982421186, 6.8382722534197455], [80.19869381555587, 6.838571028302196], [80.19871611861957, 6.838847497374455], [80.19871611861957, 6.8390927450563925], [80.19870718036955, 6.839413800406029], [80.19869381555587, 6.839815117426552], [80.19869381555587, 6.840127233658033], [80.19866257423162, 6.840439359206198], [80.1986224797633, 6.840773836128724], [80.19859123841292, 6.841103811756264], [80.19851539083615, 6.84145161307191], [80.19845741974716, 6.841750358278995], [80.19836378060678, 6.842026813779132], [80.1982567764814, 6.842298797808457], [80.19810516579221, 6.842561876190088], [80.19791346003177, 6.8428517551523], [80.19771724209974, 6.8431148118339005], [80.19756120382978, 6.843306573167807], [80.19735604669559, 6.843605305254451], [80.19719106935577, 6.843832741822619], [80.19699042311044, 6.844095872196584], [80.19685217527426, 6.844301001451063], [80.1966916236266, 6.844519485085079], [80.19654001015482, 6.844760280235018], [80.19638839641351, 6.845023365901489], [80.19623686753134, 6.845264164177057], [80.19608525325113, 6.845518286920572], [80.195951430653, 6.845710022825114], [80.19584442350073, 6.845919590476795], [80.1957329894978, 6.846133671543158], [80.19562589694222, 6.846352122346474], [80.19550995079642, 6.8465706349392725], [80.19540294309027, 6.846811459846488], [80.19531823920225, 6.847043292504184], [80.19524247384419, 6.847292995823928], [80.19516662328911, 6.847560546947421], [80.19511316180235, 6.847890502851021], [80.19507749241595, 6.8481447446161825], [80.19505518840066, 6.848407821816819], [80.19500615359843, 6.848675360526271], [80.19497491092328, 6.8489741165785505], [80.19493924147908, 6.849250572897425], [80.19489463337034, 6.849558265301776], [80.19484108658307, 6.849848088389541], [80.19476532080118, 6.850155791949212], [80.19468504305098, 6.850467927442475], [80.19454236469983, 6.850846954634153], [80.19440411289563, 6.851203620912517], [80.19423470305173, 6.851533643688302], [80.1940830852127, 6.851787786648352], [80.19390916278923, 6.85203751604409], [80.19376205632165, 6.852247087624106], [80.19354795125845, 6.852461103232423], [80.19339190536093, 6.852635034933589], [80.1931555799885, 6.852862407810105], [80.19292368082388, 6.853076463948514], [80.19280330413675, 6.853170114838058], [80.19270523191531, 6.853245887785111], [80.19249563621692, 6.853419854673668], [80.19225930836186, 6.853553616042046], [80.19200961399112, 6.853700753811548], [80.19167512625124, 6.853861258808107], [80.19142994224435, 6.853972788328487], [80.19117573335998, 6.854039628275547], [80.19090824281868, 6.854119926983264], [80.1906450932853, 6.85415112512537], [80.19037760108064, 6.85418231488965], [80.19003867993159, 6.854200167759257], [80.1897800398774, 6.85424478484916], [80.18949909357161, 6.854325049170674], [80.18923159777492, 6.854400823440035], [80.18898189454484, 6.854481081431125], [80.18868306701192, 6.854601444941974], [80.18837095713828, 6.854739709544981], [80.18805884612337, 6.854860123596335], [80.18771991576635, 6.854984995600099], [80.18736319032483, 6.855132118561126], [80.18703328181759, 6.855230197442873], [80.18675232647068, 6.85529713256622], [80.18642233046423, 6.855377358712663], [80.1861057851087, 6.855453175587138], [80.18581588710877, 6.855533415527332], [80.18551713363193, 6.855586980702238], [80.185205012183, 6.855631548260762], [80.18489288959309, 6.8556716731184775], [80.1845495193702, 6.855702918345485], [80.18421951484956, 6.855725148643296], [80.18383604050213, 6.855778671489994], [80.18351948555812, 6.855809900287866], [80.18312706818493, 6.855841107733894], [80.18281493799957, 6.855881230760844], [80.18254742125904, 6.855903529614491], [80.18223528895514, 6.855957060133928], [80.18194537781473, 6.856023969548485], [80.18162438841436, 6.856090806684535], [80.18119628714581, 6.856188885683272], [80.18092425270687, 6.8562558379522], [80.18051845574907, 6.856358331540197], [80.1802821798804, 6.8564118819697795], [80.17982290880857, 6.856545667097096], [80.17956423780757, 6.856621454376515], [80.17935018227902, 6.856701710868336], [80.17906928679997, 6.856804261835434], [80.17877945006019, 6.856915756357418], [80.17855202459734, 6.857004946126899], [80.17826218610276, 6.857129767666926], [80.17797234662494, 6.857227934352978], [80.17774943181007, 6.85732149726304], [80.17729014712272, 6.857486538233112], [80.17707157306471, 6.857566781804578], [80.17670594773807, 6.8577139554927635], [80.17635368916099, 6.857847672052434], [80.17607721156672, 6.858008225830037], [80.17584092341585, 6.858155388731423], [80.17565810831535, 6.858311484457982], [80.17549751680522, 6.858445258688066], [80.17542173385628, 6.858507674832564], [80.17525671412378, 6.858690468307811], [80.17508735143542, 6.858962508200504], [80.17498031813048, 6.859216685507264], [80.17498031813048, 6.8595153872418635], [80.17499368665719, 6.8598498248884106], [80.17504273295387, 6.860117388474177], [80.17514082546276, 6.860402761783911], [80.17524785856669, 6.8606480131116845], [80.17536826000469, 6.860857594810643], [80.17549308903926, 6.861053778623616], [80.17565359540852, 6.861294557502], [80.17578736467749, 6.861517582803361], [80.17592564662976, 6.861736016617636], [80.17613077012342, 6.862061561888129], [80.17626002577066, 6.862329086894198], [80.17636705747287, 6.86256990372513], [80.1764607207459, 6.862846393388403], [80.1765231344881, 6.863113922170091], [80.17659006104232, 6.863390349788785], [80.17668363892274, 6.863666841536173], [80.17684865589986, 6.86397897223798], [80.17708502641204, 6.864246525785285], [80.17729014712272, 6.864447198386437], [80.17754431220195, 6.864656795912405], [80.17774049136419, 6.864808332870586], [80.17797677426243, 6.8650179683183925], [80.17815966954907, 6.865214148075211], [80.17832017090963, 6.86538805726534], [80.17846730398749, 6.865535195738566], [80.17853422901892, 6.865610971360132], [80.1787482014458, 6.8657492243301315], [80.17896225848267, 6.8658919224483945], [80.17918525527884, 6.866043529194437], [80.17939922607518, 6.866239704913964], [80.17960434123, 6.8664849774785965], [80.17974704455075, 6.866694554774869], [80.1799076280741, 6.866984396024655], [80.18005475841801, 6.8672965820956815], [80.18019746098634, 6.86763097563507], [80.18033565065672, 6.867978769604709], [80.18045161741648, 6.8683131831835205], [80.18050508808675, 6.8685450887224], [80.1805720115218, 6.868830510173875], [80.1806433624037, 6.869164900296445], [80.1806924054574, 6.869490431851002], [80.18074587597695, 6.869869457139227], [80.18080837173284, 6.870239541141449], [80.18087078229901, 6.870551699797239], [80.18090645762263, 6.870886093129966], [80.18098666318839, 6.871198297745089], [80.1810223384636, 6.8714746871083445], [80.18110705653957, 6.8718091242067425], [80.18117397950299, 6.872165899641296], [80.18122753486469, 6.872500346196358], [80.18127657758299, 6.872812483970201], [80.18132562027314, 6.873160252810453], [80.1813344752003, 6.873459044652001], [80.18136572286863, 6.8738603403351295], [80.18137909039628, 6.874252706716934], [80.18140582544531, 6.8746362206721745], [80.18142813302758, 6.874863631236745], [80.18145938066164, 6.875269379601967], [80.18147274817463, 6.875684135102626], [80.18151736329838, 6.876076509159537], [80.18157083330148, 6.876410975051903], [80.18166891831571, 6.8767453910246505], [80.18174026828132, 6.877008480300617], [80.18183835310097, 6.87727599905165], [80.18196325782543, 6.877552473820277], [80.18206576981454, 6.877784373238286], [80.18217279424331, 6.8780385052973125], [80.18231106586046, 6.878319460317915], [80.18244925211133, 6.878595890192518], [80.18260983055448, 6.878966025338134], [80.18273916154133, 6.879300452452529], [80.1828773470995, 6.879715137476374], [80.18299773778556, 6.880112006082505], [80.18305129200367, 6.880276973970232], [80.18311370093087, 6.8804910097744285], [80.18321178417317, 6.880870051923367], [80.18332774702783, 6.88124017211514], [80.1834035229638, 6.881632577287294], [80.18343919722949, 6.881944729219616], [80.18347044412775, 6.882279093586317], [80.18349275117075, 6.88264923385281], [80.18349275117075, 6.883014876795674], [80.18348823867778, 6.88326010925064], [80.1834659316336, 6.883487522204146], [80.1834659316336, 6.883764040536563], [80.18343476987513, 6.883995878879474], [80.18341689017251, 6.88450418973765], [80.18341689017251, 6.884892146022194], [80.18343476987513, 6.885253321317151], [80.1834659316336, 6.885538731399974], [80.18351054571613, 6.885770601183943], [80.18356409961265, 6.886091626798811], [80.18367112216373, 6.886336905465761], [80.18379151173073, 6.886568803628969], [80.18395200250907, 6.886765002519389], [80.1841571067305, 6.886929958480665], [80.18436221045927, 6.887032529191334], [80.18457625342671, 6.887152900930086], [80.1847992355656, 6.887282265430124], [80.18499097079174, 6.887433856215494], [80.1852183791097, 6.887616648060896], [80.18546366609974, 6.887803930160282], [80.1857847262079, 6.888026876235871], [80.18604329322953, 6.888227605694676], [80.18635549675237, 6.88845942212941], [80.18669877457388, 6.888726952465756], [80.1868905906721, 6.8888786298000735], [80.18723386634193, 6.889168466779644], [80.18741674180482, 6.889320042026775], [80.18772885516758, 6.889587581274678], [80.18780462719751, 6.889658965639043], [80.18800980730043, 6.8898328216627664], [80.18827730692632, 6.890055804370553], [80.18850921871793, 6.890243061917752], [80.1886965185302, 6.890416955627026], [80.18894171039047, 6.890693466387842], [80.18917804743356, 6.890996627236556], [80.18936091873103, 6.891277595252922], [80.18948572731523, 6.891460388033325], [80.18956600995745, 6.891589732959297], [80.18975773447723, 6.89194645093944], [80.1898870546361, 6.892271982882078], [80.18998070308173, 6.8925707581823685], [80.19000300842364, 6.892882855104725], [80.18998513009663, 6.893230656074905], [80.18994945856629, 6.8936766117966615], [80.1898870546361, 6.894126949735002], [80.18981128445488, 6.894367769713872], [80.18974436826136, 6.894827071186599], [80.18968196418119, 6.895081181274861], [80.18953033825194, 6.8955628266707425], [80.18938322423492, 6.8960086828892795], [80.18921823147664, 6.896467994040071], [80.1890576654624, 6.896896039598793], [80.18895507673206, 6.89714577222105], [80.18878122899211, 6.8977076359737115], [80.18870537269295, 6.8979751382238375], [80.18868306701192, 6.898251585752308], [80.18869200631227, 6.8986886332159445], [80.18878122899211, 6.899023073093956], [80.18892834404679, 6.899348524558605], [80.18916468112688, 6.899638394866649], [80.18945899479618, 6.899870296513455], [80.1897800398774, 6.900021922482215], [80.1901546335131, 6.900177967101308], [80.1905069203002, 6.9003161739611505], [80.19084132748532, 6.900494588395625], [80.19117130640686, 6.900659575282581], [80.19142100323077, 6.900820078061566], [80.1916885772979, 6.901007381226544], [80.19190260189426, 6.901216940579373], [80.19207644327548, 6.901404171267332], [80.19223700360973, 6.9015914520380175], [80.19242872212843, 6.9018323201192935], [80.19263389111394, 6.9020909261610255], [80.1928612790688, 6.902380788446463], [80.19307087386892, 6.902657190533816], [80.19328932184128, 6.902938141540405], [80.19352122001203, 6.903236912082899], [80.1937887874926, 6.903562448197966], [80.19402511111093, 6.903852260050413], [80.19420797202052, 6.904026186569293], [80.19444429447759, 6.904191112039808], [80.19473407803781, 6.904262483659967], [80.19497491092328, 6.904253547208012], [80.19526477781052, 6.904258070366617], [80.19554119327559, 6.904235721416795], [80.19592470015976, 6.904195614621167], [80.196259086109, 6.904115370659008], [80.19664710156262, 6.904017236174185], [80.19687005216224, 6.9039369572639515], [80.19724904130567, 6.903780920449103], [80.19747199033165, 6.9037006412412545], [80.19783761185214, 6.903566881125377], [80.1982567764814, 6.90350446927432], [80.19869381555587, 6.903508871062519], [80.19911297597626, 6.903535699168412], [80.1994339847262, 6.903629293898687], [80.19973720110954, 6.90382995127972], [80.200004749089, 6.904084114540231], [80.20020096175698, 6.904373992897486], [80.20033920416381, 6.904699458144268], [80.20037044487371, 6.904984887985579], [80.20037044487371, 6.905319308846276], [80.20031690152467, 6.905747368788218], [80.20028123431484, 6.906135300279353], [80.20023220251753, 6.9065277279084984], [80.20018759717743, 6.9067596227237855], [80.2001474183015, 6.907174305572896], [80.200142991814, 6.907504280947363], [80.200142991814, 6.907589000752607], [80.20017423259581, 6.907967975316107], [80.20024114060769, 6.9083247290866066], [80.20034814224275, 6.908592255117238], [80.20050868700571, 6.908846416172727], [80.20066914634212, 6.909042613246997], [80.20088765997663, 6.909252215570924], [80.20116414233905, 6.909461801751199], [80.20136929031048, 6.909613408556642], [80.20164568598756, 6.909814101656953], [80.20189543726994, 6.9100102846246125], [80.20214961420409, 6.910246577014706], [80.20238591465255, 6.910478459527586], [80.20263566376607, 6.910768343069937], [80.20281842108928, 6.91102248741275], [80.20298789900198, 6.911334648107606], [80.20312613688921, 6.911624499566668], [80.2032643745522, 6.91190093211422], [80.20338473647273, 6.912181847995203], [80.20352748514965, 6.912458295448298], [80.20366572216167, 6.912676845775832], [80.2038574149871, 6.912922047426053], [80.20412495003465, 6.913167278748892], [80.2044237234667, 6.913363515161023], [80.20479382653919, 6.9135195871277695], [80.20512383659387, 6.913590911958047], [80.20545376025107, 6.913617687584815], [80.20577934155521, 6.913631033481777], [80.20607802406795, 6.913644471094902], [80.206323336195, 6.913648884501698], [80.20659528965331, 6.913684569744967], [80.20687175349988, 6.91374702798654], [80.207228482464, 6.913853991648405], [80.20762538530403, 6.914019025202481], [80.20787060785878, 6.914112612974582], [80.20827635983801, 6.914322216149859], [80.2086420201297, 6.9145451419556965], [80.20896307810474, 6.914768118947732], [80.20926634570097, 6.915000027764804], [80.20955616399179, 6.915222928267327], [80.20981482917536, 6.915445914818143], [80.20987721852127, 6.915490537982581], [80.21008234551653, 6.9156555017536965], [80.21035879804641, 6.915887346428642], [80.21056392388184, 6.916074626637469], [80.21072444939848, 6.916248536290049], [80.21087603763884, 6.916458160843127], [80.21101426272782, 6.916689987754415], [80.21112133594919, 6.9169219007474405], [80.21119708719301, 6.917060105887173], [80.21133982278059, 6.917314263173725], [80.21149583582361, 6.917555111943437], [80.21166087058639, 6.917858325180703], [80.2118080312784, 6.918134731664569], [80.2119373179923, 6.918366623640877], [80.21205775277303, 6.918611917737842], [80.21217367640817, 6.918843778553416], [80.21227172623189, 6.919084570061297], [80.21238764957573, 6.919338749261317], [80.2124634848056, 6.91957059450646], [80.21260170731793, 6.919954042005492], [80.21265524294748, 6.920181467527269], [80.21273107793903, 6.92044905542122], [80.21277559160069, 6.9207032225653755], [80.21284700065753, 6.92104656720473], [80.21286036325151, 6.921314082681524], [80.21288266260747, 6.921684233065812], [80.21288266260746, 6.921982930076017], [80.21287372584338, 6.922259449942678], [80.21283806388968, 6.922522481643923], [80.21281576452203, 6.922785628444707], [80.21279346514855, 6.923039800652332], [80.2127399296059, 6.9232716580902975], [80.21269090497772, 6.92353474131653], [80.21263294353196, 6.923913759629714], [80.21253038316779, 6.924234770010111], [80.21245012214935, 6.924604921939073], [80.21234313571127, 6.924970561673808], [80.21221376450077, 6.925340673746293], [80.21212907731906, 6.925559199678213], [80.21199085403953, 6.9259381887221805], [80.21186148229386, 6.926290434292298], [80.21173219546483, 6.926611469062926], [80.2115806087484, 6.926981615533045], [80.2114334476634, 6.927311583623142], [80.21127292348311, 6.92768171053642], [80.21110346205037, 6.928105269694348], [80.21099647392043, 6.928346066605981], [80.21090727448583, 6.928586908316237], [80.21073781232552, 6.928974809415076], [80.21058622383914, 6.929353862713469], [80.21044348698855, 6.9297328581950675], [80.21030526097321, 6.9301476124011065], [80.2101759717817, 6.93051322272249], [80.21009128257354, 6.930754002791535], [80.20996190794226, 6.9311910234540575], [80.20982368114537, 6.9316502651830145], [80.20975678065696, 6.931891093203716], [80.20962306463777, 6.932328111791042], [80.20956510110403, 6.93256888421689], [80.2094357256735, 6.933005834869347], [80.20936439887186, 6.9332466567370075], [80.20925740855739, 6.9335811217427965], [80.2091459069729, 6.9339601376200575], [80.20909245425315, 6.934142940793536], [80.20907015390475, 6.934236536832138], [80.20896307810474, 6.934557660183039], [80.20883821291201, 6.9349009812277345], [80.20869555824831, 6.935280006515483], [80.2085439661273, 6.935694677055829], [80.20836556202784, 6.936118338645487], [80.20822733264046, 6.9364616328778075], [80.20812927816073, 6.93675149096877], [80.20810697756016, 6.937139486119298], [80.20812034089784, 6.937531861090235], [80.20822290657263, 6.937924224225139], [80.20838343650121, 6.938124891760076], [80.20858856709377, 6.938298822161584], [80.20879369719235, 6.938428107392984], [80.20901661602156, 6.93853066622406], [80.20925298254308, 6.938637709287789], [80.20954280087936, 6.938735829484825], [80.2098103180749, 6.938771452900757], [80.21006898248665, 6.938807135680615], [80.21018933479478, 6.938807118795108], [80.21032756099825, 6.938811596645106], [80.21059958678786, 6.9388116446315555], [80.21092063738419, 6.938816103824902], [80.21133982278059, 6.938820490327078], [80.21170989580757, 6.938824992684743], [80.21216473956966, 6.938793800582282], [80.21265966878498, 6.9387982161140425], [80.21294956064034, 6.93877590465485], [80.21321706713452, 6.93875806367896], [80.21351580867841, 6.938713530761623], [80.21376109938463, 6.938682288872261], [80.21405090237914, 6.938637732405757], [80.21453254341172, 6.938552982280311], [80.21492941221318, 6.938463809262108], [80.215223636935, 6.938361270635704], [80.21558484171152, 6.938249764149218], [80.2158301264565, 6.93814718366673], [80.21591932073397, 6.938102602354486], [80.21614222091003, 6.9379911472722675], [80.21651235817188, 6.937786003058406], [80.21690479212664, 6.937558592339064], [80.21714998796028, 6.937433767484507], [80.21757365337639, 6.937197377582256], [80.217948209976, 6.9370056697383555], [80.21826029666313, 6.936871874666022], [80.21860370133535, 6.936747057356754], [80.2189782534016, 6.936657823615481], [80.21925918764583, 6.936626667595974], [80.21957578010856, 6.936631107520801], [80.2198878608269, 6.936644512555666], [80.22023125893118, 6.936693504776315], [80.2205121890386, 6.9367292357306765], [80.22077082093486, 6.9368139237269695], [80.22100264431586, 6.936885278710678], [80.22129250775747, 6.9370279566410495], [80.22154220142774, 6.937237583200014], [80.22170279134583, 6.9374337224399865], [80.22187223167798, 6.937665633203612], [80.22203716122011, 6.9379420986183], [80.22223783357548, 6.93831215715219], [80.22240284751135, 6.938628745437589], [80.2224964602259, 6.9388249613476205], [80.22257228644918, 6.939007788094842], [80.22271942827659, 6.9393422097559405], [80.22283091208278, 6.9395963870494555], [80.22294682104545, 6.9399085703562955], [80.22302264686729, 6.940158292407004], [80.22304494356074, 6.940247403337657], [80.22311183360603, 6.940532855277159], [80.22315200164866, 6.940836036422562], [80.2231742983082, 6.941121459065311], [80.22319650986019, 6.941433573835769], [80.22319208457058, 6.941696607254944], [80.22319208457058, 6.941973079633869], [80.22315200164866, 6.942240635723114], [80.22312970498326, 6.942468035718138], [80.2230895369301, 6.942735591988523], [80.22306724024835, 6.943012093024404], [80.2230092858688, 6.943319728131694], [80.22295575675187, 6.9436095795612705], [80.22290673800795, 6.943872670100809], [80.22286214454276, 6.9441491191114535], [80.22279967961136, 6.944434502006319], [80.22271942827659, 6.944782370269265], [80.22266589897728, 6.945045452823849], [80.22261688006633, 6.945299569827049], [80.22255892537996, 6.945584969786175], [80.2225321181328, 6.945919388721073], [80.2224741633887, 6.946347485726177], [80.22245637697618, 6.9466551577065365], [80.22245186654563, 6.946953964840818], [80.22245186654563, 6.947266052356074], [80.22245637697618, 6.947506886067997], [80.22245637697618, 6.947841303128547], [80.2224741633887, 6.948166787058323], [80.22250982130494, 6.948394192937562], [80.22252769280865, 6.948728660885242], [80.22254998963184, 6.948960484261633], [80.22257228644918, 6.949236963222286], [80.22256335070247, 6.949549119560209], [80.22251875705726, 6.949812243811642], [80.22245637697618, 6.9500529968411895], [80.2223493180128, 6.950320573695602], [80.22223783357548, 6.950561363568101], [80.22210856250683, 6.95076643347607], [80.22195248381195, 6.95101617103745], [80.22180976601972, 6.951256963481035], [80.22164032556316, 6.951511117915732], [80.22149760724726, 6.951760810618078], [80.22139063218086, 6.9519793697964625], [80.22136833505382, 6.952014989253275], [80.2212524239405, 6.952206748058091], [80.22106060006242, 6.952469826075912], [80.22096256036232, 6.952661551467763], [80.22094919904029, 6.9526882954312965], [80.22084213818027, 6.952893425776321], [80.22072622635007, 6.953125313252023], [80.22057457054521, 6.953375068265385], [80.22042299957455, 6.953571269113476], [80.22024462036595, 6.953767400436686], [80.22003951785572, 6.95395917613459], [80.21982547881684, 6.954142029570185], [80.2196426728814, 6.95430255412411], [80.21941969676743, 6.954480854080124], [80.21918335846985, 6.95466373149106], [80.2189782534016, 6.954824279927038], [80.21867502039709, 6.955038294365429], [80.2184609779261, 6.9552121686545645], [80.21828259460462, 6.955381604305694], [80.21806412559033, 6.955622456012855], [80.21789467767498, 6.955827513130993], [80.2177431019309, 6.956054946901107], [80.21756914268701, 6.956344779722183], [80.21746216268187, 6.956607847190044], [80.21733279925024, 6.956893266671589], [80.21726147906371, 6.957236604948343], [80.21728377726689, 6.957562144864489], [80.21736854442865, 6.9578163280958245], [80.21747552455145, 6.9580348078952445], [80.21764497330133, 6.958257739064412], [80.21778769807904, 6.958476233520873], [80.21791697571224, 6.958694773644855], [80.21805518937018, 6.9589489373419395], [80.21820684966512, 6.959238737697891], [80.21839859487002, 6.959738195170422], [80.21839859487002, 6.959978979271618], [80.21836285012425, 6.960242082101345], [80.21829153080088, 6.960518526423744], [80.21820684966512, 6.960737006056884], [80.21809978535477, 6.960968857682392], [80.21799280601665, 6.961182911496795], [80.21788131587122, 6.961437084811789], [80.21777425115133, 6.961700170019686], [80.21766727140401, 6.961976608217252], [80.21763603703717, 6.962159466949695], [80.21762267519279, 6.962239696593122], [80.21752012083977, 6.962596493117731], [80.21749782269853, 6.962850660624381], [80.21746658826947, 6.963113705884705], [80.21743986452545, 6.963412447405028], [80.2174219919531, 6.963746894832723], [80.21741305566553, 6.964103618826256], [80.21741305566553, 6.9644157846916785], [80.21740863007514, 6.964785875930566], [80.21741305566553, 6.965129208267777], [80.21741305566553, 6.965454730099589], [80.2174219919531, 6.965798078689764], [80.2174219919531, 6.96622612482775], [80.21743986452545, 6.966547249071593], [80.21746216268187, 6.9669530252979195], [80.21752012083977, 6.96735428475666], [80.21757365337639, 6.967702129789402], [80.21761373892629, 6.967956317508574], [80.21768956950086, 6.968335297195813], [80.2177431019309, 6.96866971511277], [80.21779654922015, 6.969004213989027], [80.21784114534026, 6.969360945810041], [80.21789467767498, 6.969744407269027], [80.217948209976, 6.970194793063079], [80.21798829534949, 6.97051583238941], [80.21803289136912, 6.970930513211463], [80.21806412559033, 6.971206945893726], [80.21809535980009, 6.9715057145586545], [80.21811765778479, 6.97183124653573], [80.21809978535477, 6.972085380134388], [80.2180864235832, 6.972348510056968], [80.21804625314908, 6.972602667952028], [80.21797050799925, 6.972883602125165], [80.2179659973309, 6.972910375441155], [80.21786344339156, 6.9731511814467275], [80.21768063324139, 6.9734855698670035], [80.21754241897519, 6.97381554516933], [80.21746216268187, 6.974127708582914], [80.21741305566553, 6.974359594133974], [80.21737739561335, 6.974760897054359], [80.21733730995216, 6.974988278430981], [80.21721688263987, 6.9753137744457705], [80.21701177283235, 6.97554120746177], [80.21671304355631, 6.975559033788769], [80.21640086608717, 6.975465385672325], [80.21608877258194, 6.975278106363729], [80.21576765636298, 6.975019505296449], [80.21550909437126, 6.974778714751398], [80.21524150996893, 6.974542350529206], [80.21498737209562, 6.974368498886689], [80.21470642375127, 6.97433279731755], [80.21443883682599, 6.9744888440663075], [80.21419363318306, 6.974720779357799], [80.21393498129973, 6.975037327398467], [80.21368977620565, 6.975394052980728], [80.2135604070412, 6.975599183881552], [80.21331962667158, 6.975929135684713], [80.2130565463165, 6.976214519166986], [80.21276222899343, 6.976477645900468], [80.21247242161274, 6.976557888035105], [80.21215137686654, 6.9765890852078885], [80.2118704191642, 6.976584617329062], [80.21152707244327, 6.976557891238871], [80.21125956064004, 6.976557910937396], [80.2109608111806, 6.976611421455822], [80.21071551240789, 6.976758544330603], [80.21049702397487, 6.976905739391145], [80.21019827184058, 6.9771108279498035], [80.20986828144179, 6.977338250419254], [80.20949377441072, 6.977587973349816], [80.20919944477481, 6.97777972013717], [80.20895414092935, 6.977949098686059], [80.20867325779601, 6.978131980456567], [80.20843688966586, 6.9782791276806355], [80.20821396931956, 6.978381638900988], [80.20795538439174, 6.978461961407477], [80.20780821704317, 6.978519919259189], [80.20763432261883, 6.978595691801642], [80.20738901426644, 6.978684868881991], [80.20709918860258, 6.9787740903200115], [80.20696989454493, 6.978747281836498], [80.20687175349988, 6.978725006465951], [80.20664440290832, 6.978667022097592], [80.20639909170566, 6.978617970734039], [80.20616280238465, 6.978582298635386], [80.20580155764591, 6.978506554911589], [80.20541366897702, 6.978354911561561], [80.20518622937519, 6.978261235778758], [80.20494099909443, 6.978131985814311], [80.20471806960137, 6.9780249701467465], [80.20445938894316, 6.9778956025348355], [80.20419185494549, 6.977757391595588], [80.20416955331439, 6.977744059749731], [80.20396441208271, 6.9776370104841785], [80.20375041775716, 6.977534470894896], [80.20339810055103, 6.977378391090016], [80.2031618029087, 6.977271341219118], [80.20287196286708, 6.977155407770122], [80.20259999752642, 6.977048424912272], [80.20237697678729, 6.976963664048859], [80.20195783241472, 6.976767511438279], [80.20169029056474, 6.9766247710769065], [80.20141380990879, 6.976495440475528], [80.20114183991573, 6.976388458599364], [80.20075393003931, 6.97629484318348], [80.20041496499366, 6.9762457847106445], [80.2000716572339, 6.976241306353581], [80.19964807501331, 6.976259109874715], [80.19938495244165, 6.976317075565892], [80.19893012558322, 6.976392898310266], [80.19866257423162, 6.976433048658049], [80.19822562012371, 6.976513289050138], [80.19798922301702, 6.976553440418654], [80.19763254051018, 6.976620300045488], [80.19721779945212, 6.976696146462509], [80.19677641127882, 6.976785275493222], [80.19634830087593, 6.9768745187850625], [80.19611198369405, 6.976941375949727], [80.1957329894978, 6.976994901816869], [80.19534948175163, 6.977057315952073], [80.19512201529929, 6.9770929579383605], [80.19476532080118, 6.977168797294023], [80.19436844321274, 6.977213371058097], [80.19409202394735, 6.977271379660887], [80.19399838001402, 6.977289173866068], [80.1936282300787, 6.9773784080904155], [80.19335180841483, 6.977454138735039], [80.19306193502727, 6.97754334611804], [80.19279436526706, 6.977668220738414], [80.19248227042989, 6.977815392768631], [80.1921700893184, 6.977971464699046], [80.19183568734066, 6.978118576082572], [80.1916350284983, 6.978189896593864], [80.19151907692836, 6.978234497131629], [80.19118467239923, 6.9783460006816815], [80.19081902236253, 6.978457499905472], [80.19046673686388, 6.978511010758691], [80.19018579281872, 6.978542216677058], [80.18987811546091, 6.978537743084107], [80.18956158292082, 6.978488656375806], [80.18924053701781, 6.978381694574451], [80.18900862721331, 6.978243412346088], [80.18870537269295, 6.977975862049775], [80.18839326290089, 6.977672683473913], [80.18811682427874, 6.977347187094399], [80.1879562561925, 6.97715989876833], [80.18781356658987, 6.976977030069799], [80.18751482010397, 6.9766515581771325], [80.18721607257253, 6.976370595625936], [80.1868905906721, 6.976138763312873], [80.18668992020298, 6.975996040168419], [80.18627963829755, 6.975795376295739], [80.18589617320261, 6.975608138802955], [80.1855081939991, 6.975434240664461], [80.18515145931563, 6.975313835869435], [80.18486615563572, 6.9752514034981], [80.18459413288659, 6.975238043202266], [80.18430422975402, 6.975237985445902], [80.18422845461731, 6.975246924813813], [80.18403671767892, 6.975278126482311], [80.18378257191723, 6.975345007140233], [80.18343476987513, 6.975483248332579], [80.18318053718026, 6.975608147008236], [80.18296657585621, 6.975706210704806], [80.18271685430147, 6.9758667276754585], [80.18240472261682, 6.976049571712146], [80.1820925897914, 6.9762502184275546], [80.18182498564519, 6.976424119095503], [80.18155746580386, 6.976602472279463], [80.18130331266411, 6.9767764109876005], [80.18106695382262, 6.976923531303233], [80.18082616683752, 6.977101876115257], [80.18055864386783, 6.977275778831573], [80.18025987199884, 6.977454208474693], [80.18000120232101, 6.977592447345918], [80.17974704455075, 6.977748502430825], [80.17935018227902, 6.977966964496653], [80.17906034649221, 6.978096298520101]]]]}, "id": "00020000000000000408", "properties": {"ADM0_CODE": 231, "ADM0_NAME": "Sri Lanka", "ADM1_CODE": 2744, "ADM1_NAME": "Western", "ADM2_CODE": 25851, "ADM2_NAME": "Colombo", "DISP_AREA": "NO", "EXP2_YEAR": 3000, "STATUS": "Member State", "STR2_YEAR": 1000, "Shape_Area": 0.0558201599135, "Shape_Leng": 1.66524404465}}]}